行为编号,所属活动,开始时间,结束时间,行为类型,主体,客体（行为目的）,布鲁姆教育目标分类,任务完成情况,工具,共同体（互动范围）,证据来源,备注
B1,AV1,0:00:14,0:00:17,课堂常规,T&S,课堂问候,不适用,部分完成,不适用,T→S_whole,"V, R",[导入]
B1,AV1,0:00:17,0:00:20,课堂常规,T&S,课堂问候,不适用,部分完成,不适用,T→S_whole,"V, R",[导入]
B1,AV1,0:00:20,0:00:23,课堂常规,T&S,课堂问候,不适用,部分完成,不适用,T→S_whole,"V, R",[导入]
B1,AV1,0:00:23,0:00:26,课堂常规,T&S,课堂问候,不适用,部分完成,不适用,T→S_whole,"V, R",[导入]
B1,AV1,0:00:26,0:00:29,课堂常规,T&S,课堂问候,不适用,部分完成,不适用,T→S_whole,"V, R",[导入]
B1,AV1,0:00:29,0:00:32,课堂常规,T&S,课堂问候,不适用,完成,不适用,T→S_whole,"V, R",[导入]
B2,AV1,0:00:32,0:00:35,刺激回忆旧知,T&S,会议之前比例知识,记忆,部分完成,ppt+口头讲述,T→S_whole,"V, R",[导入]
B2,AV1,0:00:35,0:00:38,刺激回忆旧知,T&S,会议之前比例知识,记忆,部分完成,ppt+口头讲述,T→S_whole,"V, R",[导入]
B2,AV1,0:00:38,0:00:41,刺激回忆旧知,T&S,会议之前比例知识,记忆,部分完成,ppt+口头讲述,T→S_whole,"V, R",[导入]
B2,AV1,0:00:41,0:00:44,刺激回忆旧知,T&S,会议之前比例知识,记忆,部分完成,ppt+口头讲述,T→S_whole,"V, R",[导入]
B2,AV1,0:00:44,0:00:47,刺激回忆旧知,T&S,会议之前比例知识,记忆,部分完成,ppt+口头讲述,T→S_whole,"V, R",[导入]
B2,AV1,0:00:47,0:00:50,刺激回忆旧知,T&S,会议之前比例知识,记忆,部分完成,ppt+口头讲述,T→S_whole,"V, R",[导入]
B2,AV1,0:00:50,0:00:53,刺激回忆旧知,T&S,会议之前比例知识,记忆,部分完成,ppt+口头讲述,T→S_whole,"V, R",[导入]
B2,AV1,0:00:53,0:00:56,刺激回忆旧知,T&S,会议之前比例知识,记忆,部分完成,ppt+口头讲述,T→S_whole,"V, R",[导入]
B2,AV1,0:00:56,0:00:59,刺激回忆旧知,T&S,会议之前比例知识,记忆,部分完成,ppt+口头讲述,T→S_whole,"V, R",[导入]
B2,AV1,0:00:59,0:01:02,刺激回忆旧知,T&S,会议之前比例知识,记忆,部分完成,ppt+口头讲述,T→S_whole,"V, R",[导入]
B2,AV1,0:01:02,0:01:05,刺激回忆旧知,T&S,会议之前比例知识,记忆,部分完成,ppt+口头讲述,T→S_whole,"V, R",[导入]
B2,AV1,0:01:05,0:01:08,刺激回忆旧知,T&S,会议之前比例知识,记忆,部分完成,ppt+口头讲述,T→S_whole,"V, R",[导入]
B2,AV1,0:01:08,0:01:11,刺激回忆旧知,T&S,会议之前比例知识,记忆,部分完成,ppt+口头讲述,T→S_whole,"V, R",[导入]
B2,AV1,0:01:11,0:01:14,刺激回忆旧知,T&S,会议之前比例知识,记忆,部分完成,ppt+口头讲述,T→S_whole,"V, R",[导入]
B2,AV1,0:01:14,0:01:17,刺激回忆旧知,T&S,会议之前比例知识,记忆,部分完成,ppt+口头讲述,T→S_whole,"V, R",[导入]
B2,AV1,0:01:17,0:01:20,刺激回忆旧知,T&S,会议之前比例知识,记忆,部分完成,ppt+口头讲述,T→S_whole,"V, R",[导入]
B2,AV1,0:01:20,0:01:23,刺激回忆旧知,T&S,会议之前比例知识,记忆,部分完成,ppt+口头讲述,T→S_whole,"V, R",[导入]
B2,AV1,0:01:23,0:01:26,刺激回忆旧知,T&S,会议之前比例知识,记忆,部分完成,ppt+口头讲述,T→S_whole,"V, R",[导入]
B2,AV1,0:01:26,0:01:29,刺激回忆旧知,T&S,会议之前比例知识,记忆,部分完成,ppt+口头讲述,T→S_whole,"V, R",[导入]
B2,AV1,0:01:29,0:01:32,刺激回忆旧知,T&S,会议之前比例知识,记忆,部分完成,ppt+口头讲述,T→S_whole,"V, R",[导入]
B2,AV1,0:01:32,0:01:35,刺激回忆旧知,T&S,会议之前比例知识,记忆,部分完成,ppt+口头讲述,T→S_whole,"V, R",[导入]
B2,AV1,0:01:35,0:01:38,刺激回忆旧知,T&S,会议之前比例知识,记忆,完成,ppt+口头讲述,T→S_whole,"V, R",[导入]
B3,AV1,0:01:38,0:01:41,刺激回忆旧知,T&S,要求学生回答上节课知识,记忆,部分完成,ppt+口头讲述,T→S_whole,"V, R",[导入]
B3,AV1,0:01:41,0:01:44,刺激回忆旧知,T&S,要求学生回答上节课知识,记忆,部分完成,ppt+口头讲述,T→S_whole,"V, R",[导入]
B3,AV1,0:01:44,0:01:47,刺激回忆旧知,T&S,要求学生回答上节课知识,记忆,部分完成,ppt+口头讲述,T→S_whole,"V, R",[导入]
B3,AV1,0:01:47,0:01:50,刺激回忆旧知,T&S,要求学生回答上节课知识,记忆,部分完成,ppt+口头讲述,T→S_whole,"V, R",[导入]
B3,AV1,0:01:50,0:01:53,刺激回忆旧知,T&S,要求学生回答上节课知识,记忆,部分完成,ppt+口头讲述,T→S_whole,"V, R",[导入]
B3,AV1,0:01:53,0:01:56,刺激回忆旧知,T&S,要求学生回答上节课知识,记忆,部分完成,ppt+口头讲述,T→S_whole,"V, R",[导入]
B3,AV1,0:01:56,0:01:59,刺激回忆旧知,T&S,要求学生回答上节课知识,记忆,部分完成,ppt+口头讲述,T→S_whole,"V, R",[导入]
B3,AV1,0:01:59,0:02:02,刺激回忆旧知,T&S,要求学生回答上节课知识,记忆,部分完成,ppt+口头讲述,T→S_whole,"V, R",[导入]
B3,AV1,0:02:02,0:02:05,刺激回忆旧知,T&S,要求学生回答上节课知识,记忆,部分完成,ppt+口头讲述,T→S_whole,"V, R",[导入]
B3,AV1,0:02:05,0:02:08,刺激回忆旧知,T&S,要求学生回答上节课知识,记忆,部分完成,ppt+口头讲述,T→S_whole,"V, R",[导入]
B3,AV1,0:02:08,0:02:11,刺激回忆旧知,T&S,要求学生回答上节课知识,记忆,部分完成,ppt+口头讲述,T→S_whole,"V, R",[导入]
B3,AV1,0:02:11,0:02:14,刺激回忆旧知,T&S,要求学生回答上节课知识,记忆,部分完成,ppt+口头讲述,T→S_whole,"V, R",[导入]
B3,AV1,0:02:14,0:02:17,刺激回忆旧知,T&S,要求学生回答上节课知识,记忆,部分完成,ppt+口头讲述,T→S_whole,"V, R",[导入]
B3,AV1,0:02:17,0:02:20,刺激回忆旧知,T&S,要求学生回答上节课知识,记忆,部分完成,ppt+口头讲述,T→S_whole,"V, R",[导入]
B3,AV1,0:02:20,0:02:23,刺激回忆旧知,T&S,要求学生回答上节课知识,记忆,部分完成,ppt+口头讲述,T→S_whole,"V, R",[导入]
B3,AV1,0:02:23,0:02:26,刺激回忆旧知,T&S,要求学生回答上节课知识,记忆,部分完成,ppt+口头讲述,T→S_whole,"V, R",[导入]
B3,AV1,0:02:26,0:02:29,刺激回忆旧知,T&S,要求学生回答上节课知识,记忆,部分完成,ppt+口头讲述,T→S_whole,"V, R",[导入]
B3,AV1,0:02:29,0:02:32,刺激回忆旧知,T&S,要求学生回答上节课知识,记忆,部分完成,ppt+口头讲述,T→S_whole,"V, R",[导入]
B3,AV1,0:02:32,0:02:35,刺激回忆旧知,T&S,要求学生回答上节课知识,记忆,部分完成,ppt+口头讲述,T→S_whole,"V, R",[导入]
B3,AV1,0:02:35,0:02:38,刺激回忆旧知,T&S,要求学生回答上节课知识,记忆,部分完成,ppt+口头讲述,T→S_whole,"V, R",[导入]
B3,AV1,0:02:38,0:02:41,刺激回忆旧知,T&S,要求学生回答上节课知识,记忆,部分完成,ppt+口头讲述,T→S_whole,"V, R",[导入]
B3,AV1,0:02:41,0:02:44,刺激回忆旧知,T&S,要求学生回答上节课知识,记忆,部分完成,ppt+口头讲述,T→S_whole,"V, R",[导入]
B3,AV1,0:02:44,0:02:47,刺激回忆旧知,T&S,要求学生回答上节课知识,记忆,部分完成,ppt+口头讲述,T→S_whole,"V, R",[导入]
B3,AV1,0:02:47,0:02:50,刺激回忆旧知,T&S,要求学生回答上节课知识,记忆,部分完成,ppt+口头讲述,T→S_whole,"V, R",[导入]
B3,AV1,0:02:50,0:02:53,刺激回忆旧知,T&S,要求学生回答上节课知识,记忆,部分完成,ppt+口头讲述,T→S_whole,"V, R",[导入]
B3,AV1,0:02:53,0:02:56,刺激回忆旧知,T&S,要求学生回答上节课知识,记忆,部分完成,ppt+口头讲述,T→S_whole,"V, R",[导入]
B3,AV1,0:02:56,0:02:59,刺激回忆旧知,T&S,要求学生回答上节课知识,记忆,部分完成,ppt+口头讲述,T→S_whole,"V, R",[导入]
B3,AV1,0:02:59,0:03:00,刺激回忆旧知,T&S,要求学生回答上节课知识,记忆,完成,ppt+口头讲述,T→S_whole,"V, R",[导入]
B4,AV2,0:03:00,0:03:03,呈现刺激材料,T&S,呈现课堂讲述内容，风景照的比例,记忆,部分完成,ppt+口头讲述,T→S_whole,"V, R",[新知学习]
B4,AV2,0:03:03,0:03:06,呈现刺激材料,T&S,呈现课堂讲述内容，风景照的比例,记忆,部分完成,ppt+口头讲述,T→S_whole,"V, R",[新知学习]
B4,AV2,0:03:06,0:03:09,呈现刺激材料,T&S,呈现课堂讲述内容，风景照的比例,记忆,部分完成,ppt+口头讲述,T→S_whole,"V, R",[新知学习]
B4,AV2,0:03:09,0:03:12,呈现刺激材料,T&S,呈现课堂讲述内容，风景照的比例,记忆,部分完成,ppt+口头讲述,T→S_whole,"V, R",[新知学习]
B4,AV2,0:03:12,0:03:15,呈现刺激材料,T&S,呈现课堂讲述内容，风景照的比例,记忆,部分完成,ppt+口头讲述,T→S_whole,"V, R",[新知学习]
B4,AV2,0:03:15,0:03:18,呈现刺激材料,T&S,呈现课堂讲述内容，风景照的比例,记忆,部分完成,ppt+口头讲述,T→S_whole,"V, R",[新知学习]
B4,AV2,0:03:18,0:03:21,呈现刺激材料,T&S,呈现课堂讲述内容，风景照的比例,记忆,部分完成,ppt+口头讲述,T→S_whole,"V, R",[新知学习]
B4,AV2,0:03:21,0:03:24,呈现刺激材料,T&S,呈现课堂讲述内容，风景照的比例,记忆,完成,ppt+口头讲述,T→S_whole,"V, R",[新知学习]
B5,AV2,0:03:24,0:03:27,诱发学习行为/引出行为,T&S,要求学生回答关于这张图片发现了什么问题,理解,部分完成,ppt+口头讲述,T→S_ind,"V, R",[新知学习]
B5,AV2,0:03:27,0:03:30,诱发学习行为/引出行为,T&S,要求学生回答关于这张图片发现了什么问题,理解,部分完成,ppt+口头讲述,T→S_ind,"V, R",[新知学习]
B5,AV2,0:03:30,0:03:33,诱发学习行为/引出行为,T&S,要求学生回答关于这张图片发现了什么问题,理解,部分完成,ppt+口头讲述,T→S_ind,"V, R",[新知学习]
B5,AV2,0:03:33,0:03:36,诱发学习行为/引出行为,T&S,要求学生回答关于这张图片发现了什么问题,理解,完成,ppt+口头讲述,T→S_ind,"V, R",[新知学习]
B6,AV2,0:03:36,0:03:39,诱发学习行为/引出行为,T&S,要求学生回答关于这张图片发现了什么信息,理解,部分完成,ppt+口头讲述,T→S_ind,"V, R",[新知学习]
B6,AV2,0:03:39,0:03:42,诱发学习行为/引出行为,T&S,要求学生回答关于这张图片发现了什么信息,理解,部分完成,ppt+口头讲述,T→S_ind,"V, R",[新知学习]
B6,AV2,0:03:42,0:03:45,诱发学习行为/引出行为,T&S,要求学生回答关于这张图片发现了什么信息,理解,部分完成,ppt+口头讲述,T→S_ind,"V, R",[新知学习]
B6,AV2,0:03:45,0:03:48,诱发学习行为/引出行为,T&S,要求学生回答关于这张图片发现了什么信息,理解,部分完成,ppt+口头讲述,T→S_ind,"V, R",[新知学习]
B6,AV2,0:03:48,0:03:51,诱发学习行为/引出行为,T&S,要求学生回答关于这张图片发现了什么信息,理解,部分完成,ppt+口头讲述,T→S_ind,"V, R",[新知学习]
B6,AV2,0:03:51,0:03:54,诱发学习行为/引出行为,T&S,要求学生回答关于这张图片发现了什么信息,理解,部分完成,ppt+口头讲述,T→S_ind,"V, R",[新知学习]
B6,AV2,0:03:54,0:03:57,诱发学习行为/引出行为,T&S,要求学生回答关于这张图片发现了什么信息,理解,部分完成,ppt+口头讲述,T→S_ind,"V, R",[新知学习]
B6,AV2,0:03:57,0:04:00,诱发学习行为/引出行为,T&S,要求学生回答关于这张图片发现了什么信息,理解,部分完成,ppt+口头讲述,T→S_ind,"V, R",[新知学习]
B6,AV2,0:04:00,0:04:03,诱发学习行为/引出行为,T&S,要求学生回答关于这张图片发现了什么信息,理解,部分完成,ppt+口头讲述,T→S_ind,"V, R",[新知学习]
B6,AV2,0:04:03,0:04:06,诱发学习行为/引出行为,T&S,要求学生回答关于这张图片发现了什么信息,理解,部分完成,ppt+口头讲述,T→S_ind,"V, R",[新知学习]
B6,AV2,0:04:06,0:04:09,诱发学习行为/引出行为,T&S,要求学生回答关于这张图片发现了什么信息,理解,部分完成,ppt+口头讲述,T→S_ind,"V, R",[新知学习]
B6,AV2,0:04:09,0:04:12,诱发学习行为/引出行为,T&S,要求学生回答关于这张图片发现了什么信息,理解,部分完成,ppt+口头讲述,T→S_ind,"V, R",[新知学习]
B6,AV2,0:04:12,0:04:15,诱发学习行为/引出行为,T&S,要求学生回答关于这张图片发现了什么信息,理解,部分完成,ppt+口头讲述,T→S_ind,"V, R",[新知学习]
B6,AV2,0:04:15,0:04:18,诱发学习行为/引出行为,T&S,要求学生回答关于这张图片发现了什么信息,理解,部分完成,ppt+口头讲述,T→S_ind,"V, R",[新知学习]
B6,AV2,0:04:18,0:04:21,诱发学习行为/引出行为,T&S,要求学生回答关于这张图片发现了什么信息,理解,部分完成,ppt+口头讲述,T→S_ind,"V, R",[新知学习]
B6,AV2,0:04:21,0:04:24,诱发学习行为/引出行为,T&S,要求学生回答关于这张图片发现了什么信息,理解,部分完成,ppt+口头讲述,T→S_ind,"V, R",[新知学习]
B6,AV2,0:04:24,0:04:27,诱发学习行为/引出行为,T&S,要求学生回答关于这张图片发现了什么信息,理解,部分完成,ppt+口头讲述,T→S_ind,"V, R",[新知学习]
B6,AV2,0:04:27,0:04:30,诱发学习行为/引出行为,T&S,要求学生回答关于这张图片发现了什么信息,理解,部分完成,ppt+口头讲述,T→S_ind,"V, R",[新知学习]
B6,AV2,0:04:30,0:04:33,诱发学习行为/引出行为,T&S,要求学生回答关于这张图片发现了什么信息,理解,部分完成,ppt+口头讲述,T→S_ind,"V, R",[新知学习]
B6,AV2,0:04:33,0:04:36,诱发学习行为/引出行为,T&S,要求学生回答关于这张图片发现了什么信息,理解,部分完成,ppt+口头讲述,T→S_ind,"V, R",[新知学习]
B6,AV2,0:04:36,0:04:39,诱发学习行为/引出行为,T&S,要求学生回答关于这张图片发现了什么信息,理解,部分完成,ppt+口头讲述,T→S_ind,"V, R",[新知学习]
B6,AV2,0:04:39,0:04:42,诱发学习行为/引出行为,T&S,要求学生回答关于这张图片发现了什么信息,理解,部分完成,ppt+口头讲述,T→S_ind,"V, R",[新知学习]
B6,AV2,0:04:42,0:04:45,诱发学习行为/引出行为,T&S,要求学生回答关于这张图片发现了什么信息,理解,完成,ppt+口头讲述,T→S_ind,"V, R",[新知学习]
B7,AV2,0:04:45,0:04:48,诱发学习行为/引出行为,T&S,按比例放大是什么意思,理解,部分完成,ppt+口头讲述,T→S_ind,"V, R",[新知学习]
B7,AV2,0:04:48,0:04:51,诱发学习行为/引出行为,T&S,按比例放大是什么意思,理解,部分完成,ppt+口头讲述,T→S_ind,"V, R",[新知学习]
B7,AV2,0:04:51,0:04:54,诱发学习行为/引出行为,T&S,按比例放大是什么意思,理解,部分完成,ppt+口头讲述,T→S_ind,"V, R",[新知学习]
B7,AV2,0:04:54,0:04:57,诱发学习行为/引出行为,T&S,按比例放大是什么意思,理解,部分完成,ppt+口头讲述,T→S_ind,"V, R",[新知学习]
B7,AV2,0:04:57,0:05:00,诱发学习行为/引出行为,T&S,按比例放大是什么意思,理解,部分完成,ppt+口头讲述,T→S_ind,"V, R",[新知学习]
B7,AV2,0:05:00,0:05:03,诱发学习行为/引出行为,T&S,按比例放大是什么意思,理解,部分完成,ppt+口头讲述,T→S_ind,"V, R",[新知学习]
B7,AV2,0:05:03,0:05:06,诱发学习行为/引出行为,T&S,按比例放大是什么意思,理解,部分完成,ppt+口头讲述,T→S_ind,"V, R",[新知学习]
B7,AV2,0:05:06,0:05:09,诱发学习行为/引出行为,T&S,按比例放大是什么意思,理解,部分完成,ppt+口头讲述,T→S_ind,"V, R",[新知学习]
B7,AV2,0:05:09,0:05:12,诱发学习行为/引出行为,T&S,按比例放大是什么意思,理解,部分完成,ppt+口头讲述,T→S_ind,"V, R",[新知学习]
B7,AV2,0:05:12,0:05:15,诱发学习行为/引出行为,T&S,按比例放大是什么意思,理解,部分完成,ppt+口头讲述,T→S_ind,"V, R",[新知学习]
B7,AV2,0:05:15,0:05:18,诱发学习行为/引出行为,T&S,按比例放大是什么意思,理解,部分完成,ppt+口头讲述,T→S_ind,"V, R",[新知学习]
B7,AV2,0:05:18,0:05:21,诱发学习行为/引出行为,T&S,按比例放大是什么意思,理解,部分完成,ppt+口头讲述,T→S_ind,"V, R",[新知学习]
B7,AV2,0:05:21,0:05:24,诱发学习行为/引出行为,T&S,按比例放大是什么意思,理解,部分完成,ppt+口头讲述,T→S_ind,"V, R",[新知学习]
B7,AV2,0:05:24,0:05:27,诱发学习行为/引出行为,T&S,按比例放大是什么意思,理解,部分完成,ppt+口头讲述,T→S_ind,"V, R",[新知学习]
B7,AV2,0:05:27,0:05:30,诱发学习行为/引出行为,T&S,按比例放大是什么意思,理解,部分完成,ppt+口头讲述,T→S_ind,"V, R",[新知学习]
B7,AV2,0:05:30,0:05:33,诱发学习行为/引出行为,T&S,按比例放大是什么意思,理解,部分完成,ppt+口头讲述,T→S_ind,"V, R",[新知学习]
B7,AV2,0:05:33,0:05:36,诱发学习行为/引出行为,T&S,按比例放大是什么意思,理解,部分完成,ppt+口头讲述,T→S_ind,"V, R",[新知学习]
B7,AV2,0:05:36,0:05:39,诱发学习行为/引出行为,T&S,按比例放大是什么意思,理解,部分完成,ppt+口头讲述,T→S_ind,"V, R",[新知学习]
B7,AV2,0:05:39,0:05:42,诱发学习行为/引出行为,T&S,按比例放大是什么意思,理解,部分完成,ppt+口头讲述,T→S_ind,"V, R",[新知学习]
B7,AV2,0:05:42,0:05:45,诱发学习行为/引出行为,T&S,按比例放大是什么意思,理解,部分完成,ppt+口头讲述,T→S_ind,"V, R",[新知学习]
B7,AV2,0:05:45,0:05:48,诱发学习行为/引出行为,T&S,按比例放大是什么意思,理解,部分完成,ppt+口头讲述,T→S_ind,"V, R",[新知学习]
B7,AV2,0:05:48,0:05:51,诱发学习行为/引出行为,T&S,按比例放大是什么意思,理解,部分完成,ppt+口头讲述,T→S_ind,"V, R",[新知学习]
B7,AV2,0:05:51,0:05:54,诱发学习行为/引出行为,T&S,按比例放大是什么意思,理解,部分完成,ppt+口头讲述,T→S_ind,"V, R",[新知学习]
B7,AV2,0:05:54,0:05:57,诱发学习行为/引出行为,T&S,按比例放大是什么意思,理解,部分完成,ppt+口头讲述,T→S_ind,"V, R",[新知学习]
B7,AV2,0:05:57,0:06:00,诱发学习行为/引出行为,T&S,按比例放大是什么意思,理解,部分完成,ppt+口头讲述,T→S_ind,"V, R",[新知学习]
B7,AV2,0:06:00,0:06:03,诱发学习行为/引出行为,T&S,按比例放大是什么意思,理解,部分完成,ppt+口头讲述,T→S_ind,"V, R",[新知学习]
B7,AV2,0:06:03,0:06:06,诱发学习行为/引出行为,T&S,按比例放大是什么意思,理解,部分完成,ppt+口头讲述,T→S_ind,"V, R",[新知学习]
B7,AV2,0:06:06,0:06:09,诱发学习行为/引出行为,T&S,按比例放大是什么意思,理解,部分完成,ppt+口头讲述,T→S_ind,"V, R",[新知学习]
B7,AV2,0:06:09,0:06:12,诱发学习行为/引出行为,T&S,按比例放大是什么意思,理解,完成,ppt+口头讲述,T→S_ind,"V, R",[新知学习]
B8,AV2,0:06:12,0:06:15,诱发学习行为/引出行为,T&S,概念理解后，要求小组讨论，如何解决题目,应用,部分完成,ppt+口头讲述,S_group,"V, R",[新知学习]
B8,AV2,0:06:15,0:06:18,诱发学习行为/引出行为,T&S,概念理解后，要求小组讨论，如何解决题目,应用,部分完成,ppt+口头讲述,S_group,"V, R",[新知学习]
B8,AV2,0:06:18,0:06:21,诱发学习行为/引出行为,T&S,概念理解后，要求小组讨论，如何解决题目,应用,部分完成,ppt+口头讲述,S_group,"V, R",[新知学习]
B8,AV2,0:06:21,0:06:24,诱发学习行为/引出行为,T&S,概念理解后，要求小组讨论，如何解决题目,应用,部分完成,ppt+口头讲述,S_group,"V, R",[新知学习]
B8,AV2,0:06:24,0:06:27,诱发学习行为/引出行为,T&S,概念理解后，要求小组讨论，如何解决题目,应用,部分完成,ppt+口头讲述,S_group,"V, R",[新知学习]
B8,AV2,0:06:27,0:06:30,诱发学习行为/引出行为,T&S,概念理解后，要求小组讨论，如何解决题目,应用,部分完成,ppt+口头讲述,S_group,"V, R",[新知学习]
B8,AV2,0:06:30,0:06:33,诱发学习行为/引出行为,T&S,概念理解后，要求小组讨论，如何解决题目,应用,部分完成,ppt+口头讲述,S_group,"V, R",[新知学习]
B8,AV2,0:06:33,0:06:36,诱发学习行为/引出行为,T&S,概念理解后，要求小组讨论，如何解决题目,应用,部分完成,ppt+口头讲述,S_group,"V, R",[新知学习]
B8,AV2,0:06:36,0:06:39,诱发学习行为/引出行为,T&S,概念理解后，要求小组讨论，如何解决题目,应用,部分完成,ppt+口头讲述,S_group,"V, R",[新知学习]
B8,AV2,0:06:39,0:06:42,诱发学习行为/引出行为,T&S,概念理解后，要求小组讨论，如何解决题目,应用,部分完成,ppt+口头讲述,S_group,"V, R",[新知学习]
B8,AV2,0:06:42,0:06:45,诱发学习行为/引出行为,T&S,概念理解后，要求小组讨论，如何解决题目,应用,部分完成,ppt+口头讲述,S_group,"V, R",[新知学习]
B8,AV2,0:06:45,0:06:48,诱发学习行为/引出行为,T&S,概念理解后，要求小组讨论，如何解决题目,应用,部分完成,ppt+口头讲述,S_group,"V, R",[新知学习]
B8,AV2,0:06:48,0:06:51,诱发学习行为/引出行为,T&S,概念理解后，要求小组讨论，如何解决题目,应用,部分完成,ppt+口头讲述,S_group,"V, R",[新知学习]
B8,AV2,0:06:51,0:06:54,诱发学习行为/引出行为,T&S,概念理解后，要求小组讨论，如何解决题目,应用,部分完成,ppt+口头讲述,S_group,"V, R",[新知学习]
B8,AV2,0:06:54,0:06:57,诱发学习行为/引出行为,T&S,概念理解后，要求小组讨论，如何解决题目,应用,部分完成,ppt+口头讲述,S_group,"V, R",[新知学习]
B8,AV2,0:06:57,0:07:00,诱发学习行为/引出行为,T&S,概念理解后，要求小组讨论，如何解决题目,应用,部分完成,ppt+口头讲述,S_group,"V, R",[新知学习]
B8,AV2,0:07:00,0:07:03,诱发学习行为/引出行为,T&S,概念理解后，要求小组讨论，如何解决题目,应用,部分完成,ppt+口头讲述,S_group,"V, R",[新知学习]
B8,AV2,0:07:03,0:07:06,诱发学习行为/引出行为,T&S,概念理解后，要求小组讨论，如何解决题目,应用,部分完成,ppt+口头讲述,S_group,"V, R",[新知学习]
B8,AV2,0:07:06,0:07:09,诱发学习行为/引出行为,T&S,概念理解后，要求小组讨论，如何解决题目,应用,部分完成,ppt+口头讲述,S_group,"V, R",[新知学习]
B8,AV2,0:07:09,0:07:12,诱发学习行为/引出行为,T&S,概念理解后，要求小组讨论，如何解决题目,应用,部分完成,ppt+口头讲述,S_group,"V, R",[新知学习]
B8,AV2,0:07:12,0:07:15,诱发学习行为/引出行为,T&S,概念理解后，要求小组讨论，如何解决题目,应用,部分完成,ppt+口头讲述,S_group,"V, R",[新知学习]
B8,AV2,0:07:15,0:07:18,诱发学习行为/引出行为,T&S,概念理解后，要求小组讨论，如何解决题目,应用,部分完成,ppt+口头讲述,S_group,"V, R",[新知学习]
B8,AV2,0:07:18,0:07:21,诱发学习行为/引出行为,T&S,概念理解后，要求小组讨论，如何解决题目,应用,部分完成,ppt+口头讲述,S_group,"V, R",[新知学习]
B8,AV2,0:07:21,0:07:24,诱发学习行为/引出行为,T&S,概念理解后，要求小组讨论，如何解决题目,应用,部分完成,ppt+口头讲述,S_group,"V, R",[新知学习]
B8,AV2,0:07:24,0:07:27,诱发学习行为/引出行为,T&S,概念理解后，要求小组讨论，如何解决题目,应用,部分完成,ppt+口头讲述,S_group,"V, R",[新知学习]
B8,AV2,0:07:27,0:07:30,诱发学习行为/引出行为,T&S,概念理解后，要求小组讨论，如何解决题目,应用,完成,ppt+口头讲述,S_group,"V, R",[新知学习]
B9,AV2,0:07:30,0:07:33,诱发学习行为/引出行为,T&S,讨论后，回答老师问题，汇报讨论结果,应用,部分完成,口头讲述+板书,T→S_whole,"V, R",[新知学习]
B9,AV2,0:07:33,0:07:36,诱发学习行为/引出行为,T&S,讨论后，回答老师问题，汇报讨论结果,应用,部分完成,口头讲述+板书,T→S_whole,"V, R",[新知学习]
B9,AV2,0:07:36,0:07:39,诱发学习行为/引出行为,T&S,讨论后，回答老师问题，汇报讨论结果,应用,部分完成,口头讲述+板书,T→S_whole,"V, R",[新知学习]
B9,AV2,0:07:39,0:07:42,诱发学习行为/引出行为,T&S,讨论后，回答老师问题，汇报讨论结果,应用,部分完成,口头讲述+板书,T→S_whole,"V, R",[新知学习]
B9,AV2,0:07:42,0:07:45,诱发学习行为/引出行为,T&S,讨论后，回答老师问题，汇报讨论结果,应用,部分完成,口头讲述+板书,T→S_whole,"V, R",[新知学习]
B9,AV2,0:07:45,0:07:48,诱发学习行为/引出行为,T&S,讨论后，回答老师问题，汇报讨论结果,应用,部分完成,口头讲述+板书,T→S_whole,"V, R",[新知学习]
B9,AV2,0:07:48,0:07:51,诱发学习行为/引出行为,T&S,讨论后，回答老师问题，汇报讨论结果,应用,部分完成,口头讲述+板书,T→S_whole,"V, R",[新知学习]
B9,AV2,0:07:51,0:07:54,诱发学习行为/引出行为,T&S,讨论后，回答老师问题，汇报讨论结果,应用,部分完成,口头讲述+板书,T→S_whole,"V, R",[新知学习]
B9,AV2,0:07:54,0:07:57,诱发学习行为/引出行为,T&S,讨论后，回答老师问题，汇报讨论结果,应用,部分完成,口头讲述+板书,T→S_whole,"V, R",[新知学习]
B9,AV2,0:07:57,0:08:00,诱发学习行为/引出行为,T&S,讨论后，回答老师问题，汇报讨论结果,应用,部分完成,口头讲述+板书,T→S_whole,"V, R",[新知学习]
B9,AV2,0:08:00,0:08:03,诱发学习行为/引出行为,T&S,讨论后，回答老师问题，汇报讨论结果,应用,部分完成,口头讲述+板书,T→S_whole,"V, R",[新知学习]
B9,AV2,0:08:03,0:08:06,诱发学习行为/引出行为,T&S,讨论后，回答老师问题，汇报讨论结果,应用,部分完成,口头讲述+板书,T→S_whole,"V, R",[新知学习]
B9,AV2,0:08:06,0:08:09,诱发学习行为/引出行为,T&S,讨论后，回答老师问题，汇报讨论结果,应用,部分完成,口头讲述+板书,T→S_whole,"V, R",[新知学习]
B9,AV2,0:08:09,0:08:12,诱发学习行为/引出行为,T&S,讨论后，回答老师问题，汇报讨论结果,应用,部分完成,口头讲述+板书,T→S_whole,"V, R",[新知学习]
B9,AV2,0:08:12,0:08:15,诱发学习行为/引出行为,T&S,讨论后，回答老师问题，汇报讨论结果,应用,部分完成,口头讲述+板书,T→S_whole,"V, R",[新知学习]
B9,AV2,0:08:15,0:08:18,诱发学习行为/引出行为,T&S,讨论后，回答老师问题，汇报讨论结果,应用,部分完成,口头讲述+板书,T→S_whole,"V, R",[新知学习]
B9,AV2,0:08:18,0:08:21,诱发学习行为/引出行为,T&S,讨论后，回答老师问题，汇报讨论结果,应用,部分完成,口头讲述+板书,T→S_whole,"V, R",[新知学习]
B9,AV2,0:08:21,0:08:24,诱发学习行为/引出行为,T&S,讨论后，回答老师问题，汇报讨论结果,应用,部分完成,口头讲述+板书,T→S_whole,"V, R",[新知学习]
B9,AV2,0:08:24,0:08:27,诱发学习行为/引出行为,T&S,讨论后，回答老师问题，汇报讨论结果,应用,部分完成,口头讲述+板书,T→S_whole,"V, R",[新知学习]
B9,AV2,0:08:27,0:08:30,诱发学习行为/引出行为,T&S,讨论后，回答老师问题，汇报讨论结果,应用,部分完成,口头讲述+板书,T→S_whole,"V, R",[新知学习]
B9,AV2,0:08:30,0:08:33,诱发学习行为/引出行为,T&S,讨论后，回答老师问题，汇报讨论结果,应用,部分完成,口头讲述+板书,T→S_whole,"V, R",[新知学习]
B9,AV2,0:08:33,0:08:36,诱发学习行为/引出行为,T&S,讨论后，回答老师问题，汇报讨论结果,应用,部分完成,口头讲述+板书,T→S_whole,"V, R",[新知学习]
B9,AV2,0:08:36,0:08:39,诱发学习行为/引出行为,T&S,讨论后，回答老师问题，汇报讨论结果,应用,部分完成,口头讲述+板书,T→S_whole,"V, R",[新知学习]
B9,AV2,0:08:39,0:08:42,诱发学习行为/引出行为,T&S,讨论后，回答老师问题，汇报讨论结果,应用,部分完成,口头讲述+板书,T→S_whole,"V, R",[新知学习]
B9,AV2,0:08:42,0:08:45,诱发学习行为/引出行为,T&S,讨论后，回答老师问题，汇报讨论结果,应用,部分完成,口头讲述+板书,T→S_whole,"V, R",[新知学习]
B9,AV2,0:08:45,0:08:48,诱发学习行为/引出行为,T&S,讨论后，回答老师问题，汇报讨论结果,应用,部分完成,口头讲述+板书,T→S_whole,"V, R",[新知学习]
B9,AV2,0:08:48,0:08:51,诱发学习行为/引出行为,T&S,讨论后，回答老师问题，汇报讨论结果,应用,部分完成,口头讲述+板书,T→S_whole,"V, R",[新知学习]
B9,AV2,0:08:51,0:08:54,诱发学习行为/引出行为,T&S,讨论后，回答老师问题，汇报讨论结果,应用,部分完成,口头讲述+板书,T→S_whole,"V, R",[新知学习]
B9,AV2,0:08:54,0:08:57,诱发学习行为/引出行为,T&S,讨论后，回答老师问题，汇报讨论结果,应用,部分完成,口头讲述+板书,T→S_whole,"V, R",[新知学习]
B9,AV2,0:08:57,0:09:00,诱发学习行为/引出行为,T&S,讨论后，回答老师问题，汇报讨论结果,应用,部分完成,口头讲述+板书,T→S_whole,"V, R",[新知学习]
B9,AV2,0:09:00,0:09:03,诱发学习行为/引出行为,T&S,讨论后，回答老师问题，汇报讨论结果,应用,部分完成,口头讲述+板书,T→S_whole,"V, R",[新知学习]
B9,AV2,0:09:03,0:09:06,诱发学习行为/引出行为,T&S,讨论后，回答老师问题，汇报讨论结果,应用,部分完成,口头讲述+板书,T→S_whole,"V, R",[新知学习]
B9,AV2,0:09:06,0:09:09,诱发学习行为/引出行为,T&S,讨论后，回答老师问题，汇报讨论结果,应用,部分完成,口头讲述+板书,T→S_whole,"V, R",[新知学习]
B9,AV2,0:09:09,0:09:12,诱发学习行为/引出行为,T&S,讨论后，回答老师问题，汇报讨论结果,应用,部分完成,口头讲述+板书,T→S_whole,"V, R",[新知学习]
B9,AV2,0:09:12,0:09:15,诱发学习行为/引出行为,T&S,讨论后，回答老师问题，汇报讨论结果,应用,部分完成,口头讲述+板书,T→S_whole,"V, R",[新知学习]
B9,AV2,0:09:15,0:09:18,诱发学习行为/引出行为,T&S,讨论后，回答老师问题，汇报讨论结果,应用,部分完成,口头讲述+板书,T→S_whole,"V, R",[新知学习]
B9,AV2,0:09:18,0:09:21,诱发学习行为/引出行为,T&S,讨论后，回答老师问题，汇报讨论结果,应用,部分完成,口头讲述+板书,T→S_whole,"V, R",[新知学习]
B9,AV2,0:09:21,0:09:24,诱发学习行为/引出行为,T&S,讨论后，回答老师问题，汇报讨论结果,应用,部分完成,口头讲述+板书,T→S_whole,"V, R",[新知学习]
B9,AV2,0:09:24,0:09:27,诱发学习行为/引出行为,T&S,讨论后，回答老师问题，汇报讨论结果,应用,部分完成,口头讲述+板书,T→S_whole,"V, R",[新知学习]
B9,AV2,0:09:27,0:09:30,诱发学习行为/引出行为,T&S,讨论后，回答老师问题，汇报讨论结果,应用,完成,口头讲述+板书,T→S_whole,"V, R",[新知学习]
B10,AV2,0:09:30,0:09:33,诱发学习行为/引出行为,T&S,让学生回答问题：“解比例方程和之前解的方程有什么不一样的”,分析,部分完成,口头讲述+板书,T→S_whole,"V, R",[新知学习]
B10,AV2,0:09:33,0:09:36,诱发学习行为/引出行为,T&S,让学生回答问题：“解比例方程和之前解的方程有什么不一样的”,分析,部分完成,口头讲述+板书,T→S_whole,"V, R",[新知学习]
B10,AV2,0:09:36,0:09:39,诱发学习行为/引出行为,T&S,让学生回答问题：“解比例方程和之前解的方程有什么不一样的”,分析,部分完成,口头讲述+板书,T→S_whole,"V, R",[新知学习]
B10,AV2,0:09:39,0:09:42,诱发学习行为/引出行为,T&S,让学生回答问题：“解比例方程和之前解的方程有什么不一样的”,分析,部分完成,口头讲述+板书,T→S_whole,"V, R",[新知学习]
B10,AV2,0:09:42,0:09:45,诱发学习行为/引出行为,T&S,让学生回答问题：“解比例方程和之前解的方程有什么不一样的”,分析,部分完成,口头讲述+板书,T→S_whole,"V, R",[新知学习]
B10,AV2,0:09:45,0:09:48,诱发学习行为/引出行为,T&S,让学生回答问题：“解比例方程和之前解的方程有什么不一样的”,分析,部分完成,口头讲述+板书,T→S_whole,"V, R",[新知学习]
B10,AV2,0:09:48,0:09:51,诱发学习行为/引出行为,T&S,让学生回答问题：“解比例方程和之前解的方程有什么不一样的”,分析,部分完成,口头讲述+板书,T→S_whole,"V, R",[新知学习]
B10,AV2,0:09:51,0:09:54,诱发学习行为/引出行为,T&S,让学生回答问题：“解比例方程和之前解的方程有什么不一样的”,分析,部分完成,口头讲述+板书,T→S_whole,"V, R",[新知学习]
B10,AV2,0:09:54,0:09:57,诱发学习行为/引出行为,T&S,让学生回答问题：“解比例方程和之前解的方程有什么不一样的”,分析,部分完成,口头讲述+板书,T→S_whole,"V, R",[新知学习]
B10,AV2,0:09:57,0:10:00,诱发学习行为/引出行为,T&S,让学生回答问题：“解比例方程和之前解的方程有什么不一样的”,分析,部分完成,口头讲述+板书,T→S_whole,"V, R",[新知学习]
B10,AV2,0:10:00,0:10:03,诱发学习行为/引出行为,T&S,让学生回答问题：“解比例方程和之前解的方程有什么不一样的”,分析,部分完成,口头讲述+板书,T→S_whole,"V, R",[新知学习]
B10,AV2,0:10:03,0:10:06,诱发学习行为/引出行为,T&S,让学生回答问题：“解比例方程和之前解的方程有什么不一样的”,分析,部分完成,口头讲述+板书,T→S_whole,"V, R",[新知学习]
B10,AV2,0:10:06,0:10:09,诱发学习行为/引出行为,T&S,让学生回答问题：“解比例方程和之前解的方程有什么不一样的”,分析,部分完成,口头讲述+板书,T→S_whole,"V, R",[新知学习]
B10,AV2,0:10:09,0:10:12,诱发学习行为/引出行为,T&S,让学生回答问题：“解比例方程和之前解的方程有什么不一样的”,分析,部分完成,口头讲述+板书,T→S_whole,"V, R",[新知学习]
B10,AV2,0:10:12,0:10:15,诱发学习行为/引出行为,T&S,让学生回答问题：“解比例方程和之前解的方程有什么不一样的”,分析,部分完成,口头讲述+板书,T→S_whole,"V, R",[新知学习]
B10,AV2,0:10:15,0:10:18,诱发学习行为/引出行为,T&S,让学生回答问题：“解比例方程和之前解的方程有什么不一样的”,分析,部分完成,口头讲述+板书,T→S_whole,"V, R",[新知学习]
B10,AV2,0:10:18,0:10:21,诱发学习行为/引出行为,T&S,让学生回答问题：“解比例方程和之前解的方程有什么不一样的”,分析,部分完成,口头讲述+板书,T→S_whole,"V, R",[新知学习]
B10,AV2,0:10:21,0:10:24,诱发学习行为/引出行为,T&S,让学生回答问题：“解比例方程和之前解的方程有什么不一样的”,分析,部分完成,口头讲述+板书,T→S_whole,"V, R",[新知学习]
B10,AV2,0:10:24,0:10:27,诱发学习行为/引出行为,T&S,让学生回答问题：“解比例方程和之前解的方程有什么不一样的”,分析,部分完成,口头讲述+板书,T→S_whole,"V, R",[新知学习]
B10,AV2,0:10:27,0:10:30,诱发学习行为/引出行为,T&S,让学生回答问题：“解比例方程和之前解的方程有什么不一样的”,分析,部分完成,口头讲述+板书,T→S_whole,"V, R",[新知学习]
B10,AV2,0:10:30,0:10:33,诱发学习行为/引出行为,T&S,让学生回答问题：“解比例方程和之前解的方程有什么不一样的”,分析,部分完成,口头讲述+板书,T→S_whole,"V, R",[新知学习]
B10,AV2,0:10:33,0:10:36,诱发学习行为/引出行为,T&S,让学生回答问题：“解比例方程和之前解的方程有什么不一样的”,分析,完成,口头讲述+板书,T→S_whole,"V, R",[新知学习]
B11,AV2,0:10:36,0:10:39,诱发学习行为/引出行为,T&S,让学生回答问题：“解比例方程如何求解x”,分析,部分完成,口头讲述+板书,T→S_whole,"V, R",[新知学习]
B11,AV2,0:10:39,0:10:42,诱发学习行为/引出行为,T&S,让学生回答问题：“解比例方程如何求解x”,分析,部分完成,口头讲述+板书,T→S_whole,"V, R",[新知学习]
B11,AV2,0:10:42,0:10:45,诱发学习行为/引出行为,T&S,让学生回答问题：“解比例方程如何求解x”,分析,部分完成,口头讲述+板书,T→S_whole,"V, R",[新知学习]
B11,AV2,0:10:45,0:10:48,诱发学习行为/引出行为,T&S,让学生回答问题：“解比例方程如何求解x”,分析,部分完成,口头讲述+板书,T→S_whole,"V, R",[新知学习]
B11,AV2,0:10:48,0:10:51,诱发学习行为/引出行为,T&S,让学生回答问题：“解比例方程如何求解x”,分析,部分完成,口头讲述+板书,T→S_whole,"V, R",[新知学习]
B11,AV2,0:10:51,0:10:54,诱发学习行为/引出行为,T&S,让学生回答问题：“解比例方程如何求解x”,分析,部分完成,口头讲述+板书,T→S_whole,"V, R",[新知学习]
B11,AV2,0:10:54,0:10:57,诱发学习行为/引出行为,T&S,让学生回答问题：“解比例方程如何求解x”,分析,部分完成,口头讲述+板书,T→S_whole,"V, R",[新知学习]
B11,AV2,0:10:57,0:11:00,诱发学习行为/引出行为,T&S,让学生回答问题：“解比例方程如何求解x”,分析,部分完成,口头讲述+板书,T→S_whole,"V, R",[新知学习]
B11,AV2,0:11:00,0:11:03,诱发学习行为/引出行为,T&S,让学生回答问题：“解比例方程如何求解x”,分析,部分完成,口头讲述+板书,T→S_whole,"V, R",[新知学习]
B11,AV2,0:11:03,0:11:06,诱发学习行为/引出行为,T&S,让学生回答问题：“解比例方程如何求解x”,分析,部分完成,口头讲述+板书,T→S_whole,"V, R",[新知学习]
B11,AV2,0:11:06,0:11:09,诱发学习行为/引出行为,T&S,让学生回答问题：“解比例方程如何求解x”,分析,部分完成,口头讲述+板书,T→S_whole,"V, R",[新知学习]
B11,AV2,0:11:09,0:11:12,诱发学习行为/引出行为,T&S,让学生回答问题：“解比例方程如何求解x”,分析,部分完成,口头讲述+板书,T→S_whole,"V, R",[新知学习]
B11,AV2,0:11:12,0:11:15,诱发学习行为/引出行为,T&S,让学生回答问题：“解比例方程如何求解x”,分析,部分完成,口头讲述+板书,T→S_whole,"V, R",[新知学习]
B11,AV2,0:11:15,0:11:18,诱发学习行为/引出行为,T&S,让学生回答问题：“解比例方程如何求解x”,分析,部分完成,口头讲述+板书,T→S_whole,"V, R",[新知学习]
B11,AV2,0:11:18,0:11:21,诱发学习行为/引出行为,T&S,让学生回答问题：“解比例方程如何求解x”,分析,部分完成,口头讲述+板书,T→S_whole,"V, R",[新知学习]
B11,AV2,0:11:21,0:11:24,诱发学习行为/引出行为,T&S,让学生回答问题：“解比例方程如何求解x”,分析,部分完成,口头讲述+板书,T→S_whole,"V, R",[新知学习]
B11,AV2,0:11:24,0:11:27,诱发学习行为/引出行为,T&S,让学生回答问题：“解比例方程如何求解x”,分析,部分完成,口头讲述+板书,T→S_whole,"V, R",[新知学习]
B11,AV2,0:11:27,0:11:30,诱发学习行为/引出行为,T&S,让学生回答问题：“解比例方程如何求解x”,分析,部分完成,口头讲述+板书,T→S_whole,"V, R",[新知学习]
B11,AV2,0:11:30,0:11:33,诱发学习行为/引出行为,T&S,让学生回答问题：“解比例方程如何求解x”,分析,部分完成,口头讲述+板书,T→S_whole,"V, R",[新知学习]
B11,AV2,0:11:33,0:11:36,诱发学习行为/引出行为,T&S,让学生回答问题：“解比例方程如何求解x”,分析,部分完成,口头讲述+板书,T→S_whole,"V, R",[新知学习]
B11,AV2,0:11:36,0:11:39,诱发学习行为/引出行为,T&S,让学生回答问题：“解比例方程如何求解x”,分析,部分完成,口头讲述+板书,T→S_whole,"V, R",[新知学习]
B11,AV2,0:11:39,0:11:42,诱发学习行为/引出行为,T&S,让学生回答问题：“解比例方程如何求解x”,分析,部分完成,口头讲述+板书,T→S_whole,"V, R",[新知学习]
B11,AV2,0:11:42,0:11:45,诱发学习行为/引出行为,T&S,让学生回答问题：“解比例方程如何求解x”,分析,完成,口头讲述+板书,T→S_whole,"V, R",[新知学习]
B12,AV2,0:11:45,0:11:48,诱发学习行为/引出行为,T&S,让学生回答问题：“解比例方程左边比例表示的是什么”,分析,部分完成,口头讲述+板书,T→S_whole,"V, R",[新知学习]
B12,AV2,0:11:48,0:11:51,诱发学习行为/引出行为,T&S,让学生回答问题：“解比例方程左边比例表示的是什么”,分析,部分完成,口头讲述+板书,T→S_whole,"V, R",[新知学习]
B12,AV2,0:11:51,0:11:54,诱发学习行为/引出行为,T&S,让学生回答问题：“解比例方程左边比例表示的是什么”,分析,部分完成,口头讲述+板书,T→S_whole,"V, R",[新知学习]
B12,AV2,0:11:54,0:11:57,诱发学习行为/引出行为,T&S,让学生回答问题：“解比例方程左边比例表示的是什么”,分析,部分完成,口头讲述+板书,T→S_whole,"V, R",[新知学习]
B12,AV2,0:11:57,0:12:00,诱发学习行为/引出行为,T&S,让学生回答问题：“解比例方程左边比例表示的是什么”,分析,部分完成,口头讲述+板书,T→S_whole,"V, R",[新知学习]
B12,AV2,0:12:00,0:12:03,诱发学习行为/引出行为,T&S,让学生回答问题：“解比例方程左边比例表示的是什么”,分析,部分完成,口头讲述+板书,T→S_whole,"V, R",[新知学习]
B12,AV2,0:12:03,0:12:06,诱发学习行为/引出行为,T&S,让学生回答问题：“解比例方程左边比例表示的是什么”,分析,部分完成,口头讲述+板书,T→S_whole,"V, R",[新知学习]
B12,AV2,0:12:06,0:12:09,诱发学习行为/引出行为,T&S,让学生回答问题：“解比例方程左边比例表示的是什么”,分析,部分完成,口头讲述+板书,T→S_whole,"V, R",[新知学习]
B12,AV2,0:12:09,0:12:12,诱发学习行为/引出行为,T&S,让学生回答问题：“解比例方程左边比例表示的是什么”,分析,部分完成,口头讲述+板书,T→S_whole,"V, R",[新知学习]
B12,AV2,0:12:12,0:12:15,诱发学习行为/引出行为,T&S,让学生回答问题：“解比例方程左边比例表示的是什么”,分析,部分完成,口头讲述+板书,T→S_whole,"V, R",[新知学习]
B12,AV2,0:12:15,0:12:18,诱发学习行为/引出行为,T&S,让学生回答问题：“解比例方程左边比例表示的是什么”,分析,部分完成,口头讲述+板书,T→S_whole,"V, R",[新知学习]
B12,AV2,0:12:18,0:12:21,诱发学习行为/引出行为,T&S,让学生回答问题：“解比例方程左边比例表示的是什么”,分析,部分完成,口头讲述+板书,T→S_whole,"V, R",[新知学习]
B12,AV2,0:12:21,0:12:24,诱发学习行为/引出行为,T&S,让学生回答问题：“解比例方程左边比例表示的是什么”,分析,部分完成,口头讲述+板书,T→S_whole,"V, R",[新知学习]
B12,AV2,0:12:24,0:12:27,诱发学习行为/引出行为,T&S,让学生回答问题：“解比例方程左边比例表示的是什么”,分析,部分完成,口头讲述+板书,T→S_whole,"V, R",[新知学习]
B12,AV2,0:12:27,0:12:30,诱发学习行为/引出行为,T&S,让学生回答问题：“解比例方程左边比例表示的是什么”,分析,部分完成,口头讲述+板书,T→S_whole,"V, R",[新知学习]
B12,AV2,0:12:30,0:12:33,诱发学习行为/引出行为,T&S,让学生回答问题：“解比例方程左边比例表示的是什么”,分析,部分完成,口头讲述+板书,T→S_whole,"V, R",[新知学习]
B12,AV2,0:12:33,0:12:36,诱发学习行为/引出行为,T&S,让学生回答问题：“解比例方程左边比例表示的是什么”,分析,完成,口头讲述+板书,T→S_whole,"V, R",[新知学习]
B13,AV2,0:12:36,0:12:39,提供学习指导,T&S,对刚才的问题提供解释,理解,部分完成,口头讲述+板书,T→S_whole,"V, R",[新知学习]
B13,AV2,0:12:39,0:12:42,提供学习指导,T&S,对刚才的问题提供解释,理解,部分完成,口头讲述+板书,T→S_whole,"V, R",[新知学习]
B13,AV2,0:12:42,0:12:45,提供学习指导,T&S,对刚才的问题提供解释,理解,部分完成,口头讲述+板书,T→S_whole,"V, R",[新知学习]
B13,AV2,0:12:45,0:12:48,提供学习指导,T&S,对刚才的问题提供解释,理解,部分完成,口头讲述+板书,T→S_whole,"V, R",[新知学习]
B13,AV2,0:12:48,0:12:51,提供学习指导,T&S,对刚才的问题提供解释,理解,完成,口头讲述+板书,T→S_whole,"V, R",[新知学习]
B14,AV2,0:12:51,0:12:54,诱发学习行为/引出行为,T&S,提问学生，哪一步最关键,分析,部分完成,口头讲述+板书,T→S_whole,"V, R",[新知学习]
B14,AV2,0:12:54,0:12:57,诱发学习行为/引出行为,T&S,提问学生，哪一步最关键,分析,部分完成,口头讲述+板书,T→S_whole,"V, R",[新知学习]
B14,AV2,0:12:57,0:13:00,诱发学习行为/引出行为,T&S,提问学生，哪一步最关键,分析,部分完成,口头讲述+板书,T→S_whole,"V, R",[新知学习]
B14,AV2,0:13:00,0:13:03,诱发学习行为/引出行为,T&S,提问学生，哪一步最关键,分析,部分完成,口头讲述+板书,T→S_whole,"V, R",[新知学习]
B14,AV2,0:13:03,0:13:06,诱发学习行为/引出行为,T&S,提问学生，哪一步最关键,分析,部分完成,口头讲述+板书,T→S_whole,"V, R",[新知学习]
B14,AV2,0:13:06,0:13:09,诱发学习行为/引出行为,T&S,提问学生，哪一步最关键,分析,部分完成,口头讲述+板书,T→S_whole,"V, R",[新知学习]
B14,AV2,0:13:09,0:13:12,诱发学习行为/引出行为,T&S,提问学生，哪一步最关键,分析,部分完成,口头讲述+板书,T→S_whole,"V, R",[新知学习]
B14,AV2,0:13:12,0:13:15,诱发学习行为/引出行为,T&S,提问学生，哪一步最关键,分析,部分完成,口头讲述+板书,T→S_whole,"V, R",[新知学习]
B14,AV2,0:13:15,0:13:18,诱发学习行为/引出行为,T&S,提问学生，哪一步最关键,分析,部分完成,口头讲述+板书,T→S_whole,"V, R",[新知学习]
B14,AV2,0:13:18,0:13:21,诱发学习行为/引出行为,T&S,提问学生，哪一步最关键,分析,部分完成,口头讲述+板书,T→S_whole,"V, R",[新知学习]
B14,AV2,0:13:21,0:13:24,诱发学习行为/引出行为,T&S,提问学生，哪一步最关键,分析,部分完成,口头讲述+板书,T→S_whole,"V, R",[新知学习]
B14,AV2,0:13:24,0:13:27,诱发学习行为/引出行为,T&S,提问学生，哪一步最关键,分析,部分完成,口头讲述+板书,T→S_whole,"V, R",[新知学习]
B14,AV2,0:13:27,0:13:30,诱发学习行为/引出行为,T&S,提问学生，哪一步最关键,分析,部分完成,口头讲述+板书,T→S_whole,"V, R",[新知学习]
B14,AV2,0:13:30,0:13:33,诱发学习行为/引出行为,T&S,提问学生，哪一步最关键,分析,部分完成,口头讲述+板书,T→S_whole,"V, R",[新知学习]
B14,AV2,0:13:33,0:13:36,诱发学习行为/引出行为,T&S,提问学生，哪一步最关键,分析,部分完成,口头讲述+板书,T→S_whole,"V, R",[新知学习]
B14,AV2,0:13:36,0:13:39,诱发学习行为/引出行为,T&S,提问学生，哪一步最关键,分析,完成,口头讲述+板书,T→S_whole,"V, R",[新知学习]
B15,AV2,0:13:39,0:13:42,诱发学习行为/引出行为,T&S,提问学生，“依据是什么”,分析,部分完成,口头讲述+板书,T→S_whole,"V, R",[新知学习]
B15,AV2,0:13:42,0:13:45,诱发学习行为/引出行为,T&S,提问学生，“依据是什么”,分析,部分完成,口头讲述+板书,T→S_whole,"V, R",[新知学习]
B15,AV2,0:13:45,0:13:48,诱发学习行为/引出行为,T&S,提问学生，“依据是什么”,分析,部分完成,口头讲述+板书,T→S_whole,"V, R",[新知学习]
B15,AV2,0:13:48,0:13:51,诱发学习行为/引出行为,T&S,提问学生，“依据是什么”,分析,部分完成,口头讲述+板书,T→S_whole,"V, R",[新知学习]
B15,AV2,0:13:51,0:13:54,诱发学习行为/引出行为,T&S,提问学生，“依据是什么”,分析,部分完成,口头讲述+板书,T→S_whole,"V, R",[新知学习]
B15,AV2,0:13:54,0:13:57,诱发学习行为/引出行为,T&S,提问学生，“依据是什么”,分析,部分完成,口头讲述+板书,T→S_whole,"V, R",[新知学习]
B15,AV2,0:13:57,0:14:00,诱发学习行为/引出行为,T&S,提问学生，“依据是什么”,分析,部分完成,口头讲述+板书,T→S_whole,"V, R",[新知学习]
B15,AV2,0:14:00,0:14:03,诱发学习行为/引出行为,T&S,提问学生，“依据是什么”,分析,部分完成,口头讲述+板书,T→S_whole,"V, R",[新知学习]
B15,AV2,0:14:03,0:14:06,诱发学习行为/引出行为,T&S,提问学生，“依据是什么”,分析,部分完成,口头讲述+板书,T→S_whole,"V, R",[新知学习]
B15,AV2,0:14:06,0:14:09,诱发学习行为/引出行为,T&S,提问学生，“依据是什么”,分析,部分完成,口头讲述+板书,T→S_whole,"V, R",[新知学习]
B15,AV2,0:14:09,0:14:12,诱发学习行为/引出行为,T&S,提问学生，“依据是什么”,分析,部分完成,口头讲述+板书,T→S_whole,"V, R",[新知学习]
B15,AV2,0:14:12,0:14:15,诱发学习行为/引出行为,T&S,提问学生，“依据是什么”,分析,部分完成,口头讲述+板书,T→S_whole,"V, R",[新知学习]
B15,AV2,0:14:15,0:14:18,诱发学习行为/引出行为,T&S,提问学生，“依据是什么”,分析,部分完成,口头讲述+板书,T→S_whole,"V, R",[新知学习]
B15,AV2,0:14:18,0:14:21,诱发学习行为/引出行为,T&S,提问学生，“依据是什么”,分析,部分完成,口头讲述+板书,T→S_whole,"V, R",[新知学习]
B15,AV2,0:14:21,0:14:24,诱发学习行为/引出行为,T&S,提问学生，“依据是什么”,分析,部分完成,口头讲述+板书,T→S_whole,"V, R",[新知学习]
B15,AV2,0:14:24,0:14:27,诱发学习行为/引出行为,T&S,提问学生，“依据是什么”,分析,部分完成,口头讲述+板书,T→S_whole,"V, R",[新知学习]
B15,AV2,0:14:27,0:14:30,诱发学习行为/引出行为,T&S,提问学生，“依据是什么”,分析,完成,口头讲述+板书,T→S_whole,"V, R",[新知学习]
B16,AV2,0:14:30,0:14:33,提供教学指导,T&S,对接下来的问题，给学生演示如何解比例,理解,部分完成,板书+口头讲述,T→S_whole,"V, R",[新知学习]
B16,AV2,0:14:33,0:14:36,提供教学指导,T&S,对接下来的问题，给学生演示如何解比例,理解,部分完成,板书+口头讲述,T→S_whole,"V, R",[新知学习]
B16,AV2,0:14:36,0:14:39,提供教学指导,T&S,对接下来的问题，给学生演示如何解比例,理解,部分完成,板书+口头讲述,T→S_whole,"V, R",[新知学习]
B16,AV2,0:14:39,0:14:42,提供教学指导,T&S,对接下来的问题，给学生演示如何解比例,理解,部分完成,板书+口头讲述,T→S_whole,"V, R",[新知学习]
B16,AV2,0:14:42,0:14:45,提供教学指导,T&S,对接下来的问题，给学生演示如何解比例,理解,部分完成,板书+口头讲述,T→S_whole,"V, R",[新知学习]
B16,AV2,0:14:45,0:14:48,提供教学指导,T&S,对接下来的问题，给学生演示如何解比例,理解,部分完成,板书+口头讲述,T→S_whole,"V, R",[新知学习]
B16,AV2,0:14:48,0:14:51,提供教学指导,T&S,对接下来的问题，给学生演示如何解比例,理解,部分完成,板书+口头讲述,T→S_whole,"V, R",[新知学习]
B16,AV2,0:14:51,0:14:54,提供教学指导,T&S,对接下来的问题，给学生演示如何解比例,理解,部分完成,板书+口头讲述,T→S_whole,"V, R",[新知学习]
B16,AV2,0:14:54,0:14:57,提供教学指导,T&S,对接下来的问题，给学生演示如何解比例,理解,部分完成,板书+口头讲述,T→S_whole,"V, R",[新知学习]
B16,AV2,0:14:57,0:15:00,提供教学指导,T&S,对接下来的问题，给学生演示如何解比例,理解,部分完成,板书+口头讲述,T→S_whole,"V, R",[新知学习]
B16,AV2,0:15:00,0:15:03,提供教学指导,T&S,对接下来的问题，给学生演示如何解比例,理解,部分完成,板书+口头讲述,T→S_whole,"V, R",[新知学习]
B16,AV2,0:15:03,0:15:06,提供教学指导,T&S,对接下来的问题，给学生演示如何解比例,理解,部分完成,板书+口头讲述,T→S_whole,"V, R",[新知学习]
B16,AV2,0:15:06,0:15:09,提供教学指导,T&S,对接下来的问题，给学生演示如何解比例,理解,部分完成,板书+口头讲述,T→S_whole,"V, R",[新知学习]
B16,AV2,0:15:09,0:15:12,提供教学指导,T&S,对接下来的问题，给学生演示如何解比例,理解,部分完成,板书+口头讲述,T→S_whole,"V, R",[新知学习]
B16,AV2,0:15:12,0:15:15,提供教学指导,T&S,对接下来的问题，给学生演示如何解比例,理解,部分完成,板书+口头讲述,T→S_whole,"V, R",[新知学习]
B16,AV2,0:15:15,0:15:18,提供教学指导,T&S,对接下来的问题，给学生演示如何解比例,理解,部分完成,板书+口头讲述,T→S_whole,"V, R",[新知学习]
B16,AV2,0:15:18,0:15:21,提供教学指导,T&S,对接下来的问题，给学生演示如何解比例,理解,部分完成,板书+口头讲述,T→S_whole,"V, R",[新知学习]
B16,AV2,0:15:21,0:15:24,提供教学指导,T&S,对接下来的问题，给学生演示如何解比例,理解,部分完成,板书+口头讲述,T→S_whole,"V, R",[新知学习]
B16,AV2,0:15:24,0:15:27,提供教学指导,T&S,对接下来的问题，给学生演示如何解比例,理解,部分完成,板书+口头讲述,T→S_whole,"V, R",[新知学习]
B16,AV2,0:15:27,0:15:30,提供教学指导,T&S,对接下来的问题，给学生演示如何解比例,理解,部分完成,板书+口头讲述,T→S_whole,"V, R",[新知学习]
B16,AV2,0:15:30,0:15:33,提供教学指导,T&S,对接下来的问题，给学生演示如何解比例,理解,部分完成,板书+口头讲述,T→S_whole,"V, R",[新知学习]
B16,AV2,0:15:33,0:15:36,提供教学指导,T&S,对接下来的问题，给学生演示如何解比例,理解,部分完成,板书+口头讲述,T→S_whole,"V, R",[新知学习]
B16,AV2,0:15:36,0:15:39,提供教学指导,T&S,对接下来的问题，给学生演示如何解比例,理解,部分完成,板书+口头讲述,T→S_whole,"V, R",[新知学习]
B16,AV2,0:15:39,0:15:42,提供教学指导,T&S,对接下来的问题，给学生演示如何解比例,理解,部分完成,板书+口头讲述,T→S_whole,"V, R",[新知学习]
B16,AV2,0:15:42,0:15:45,提供教学指导,T&S,对接下来的问题，给学生演示如何解比例,理解,部分完成,板书+口头讲述,T→S_whole,"V, R",[新知学习]
B16,AV2,0:15:45,0:15:48,提供教学指导,T&S,对接下来的问题，给学生演示如何解比例,理解,部分完成,板书+口头讲述,T→S_whole,"V, R",[新知学习]
B16,AV2,0:15:48,0:15:51,提供教学指导,T&S,对接下来的问题，给学生演示如何解比例,理解,部分完成,板书+口头讲述,T→S_whole,"V, R",[新知学习]
B16,AV2,0:15:51,0:15:54,提供教学指导,T&S,对接下来的问题，给学生演示如何解比例,理解,完成,板书+口头讲述,T→S_whole,"V, R",[新知学习]
B17,AV2,0:15:54,0:15:57,诱发学习行为/引出行为,T&S,提问学生，要求学生回答：“老师的答案与你们的答案有什么不一样的地方”,分析,部分完成,板书+口头讲述,T→S_whole,"V, R",[新知学习]
B17,AV2,0:15:57,0:16:00,诱发学习行为/引出行为,T&S,提问学生，要求学生回答：“老师的答案与你们的答案有什么不一样的地方”,分析,部分完成,板书+口头讲述,T→S_whole,"V, R",[新知学习]
B17,AV2,0:16:00,0:16:03,诱发学习行为/引出行为,T&S,提问学生，要求学生回答：“老师的答案与你们的答案有什么不一样的地方”,分析,部分完成,板书+口头讲述,T→S_whole,"V, R",[新知学习]
B17,AV2,0:16:03,0:16:06,诱发学习行为/引出行为,T&S,提问学生，要求学生回答：“老师的答案与你们的答案有什么不一样的地方”,分析,部分完成,板书+口头讲述,T→S_whole,"V, R",[新知学习]
B17,AV2,0:16:06,0:16:09,诱发学习行为/引出行为,T&S,提问学生，要求学生回答：“老师的答案与你们的答案有什么不一样的地方”,分析,部分完成,板书+口头讲述,T→S_whole,"V, R",[新知学习]
B17,AV2,0:16:09,0:16:12,诱发学习行为/引出行为,T&S,提问学生，要求学生回答：“老师的答案与你们的答案有什么不一样的地方”,分析,部分完成,板书+口头讲述,T→S_whole,"V, R",[新知学习]
B17,AV2,0:16:12,0:16:15,诱发学习行为/引出行为,T&S,提问学生，要求学生回答：“老师的答案与你们的答案有什么不一样的地方”,分析,部分完成,板书+口头讲述,T→S_whole,"V, R",[新知学习]
B17,AV2,0:16:15,0:16:18,诱发学习行为/引出行为,T&S,提问学生，要求学生回答：“老师的答案与你们的答案有什么不一样的地方”,分析,部分完成,板书+口头讲述,T→S_whole,"V, R",[新知学习]
B17,AV2,0:16:18,0:16:21,诱发学习行为/引出行为,T&S,提问学生，要求学生回答：“老师的答案与你们的答案有什么不一样的地方”,分析,部分完成,板书+口头讲述,T→S_whole,"V, R",[新知学习]
B17,AV2,0:16:21,0:16:24,诱发学习行为/引出行为,T&S,提问学生，要求学生回答：“老师的答案与你们的答案有什么不一样的地方”,分析,部分完成,板书+口头讲述,T→S_whole,"V, R",[新知学习]
B17,AV2,0:16:24,0:16:27,诱发学习行为/引出行为,T&S,提问学生，要求学生回答：“老师的答案与你们的答案有什么不一样的地方”,分析,部分完成,板书+口头讲述,T→S_whole,"V, R",[新知学习]
B17,AV2,0:16:27,0:16:30,诱发学习行为/引出行为,T&S,提问学生，要求学生回答：“老师的答案与你们的答案有什么不一样的地方”,分析,完成,板书+口头讲述,T→S_whole,"V, R",[新知学习]
B18,AV2,0:16:30,0:16:33,提供教学指导,T&S,讲解什么是解比例,理解,部分完成,ppt+口头讲述,T→S_whole,"V, R",[新知学习]
B18,AV2,0:16:33,0:16:36,提供教学指导,T&S,讲解什么是解比例,理解,部分完成,ppt+口头讲述,T→S_whole,"V, R",[新知学习]
B18,AV2,0:16:36,0:16:39,提供教学指导,T&S,讲解什么是解比例,理解,部分完成,ppt+口头讲述,T→S_whole,"V, R",[新知学习]
B18,AV2,0:16:39,0:16:42,提供教学指导,T&S,讲解什么是解比例,理解,部分完成,ppt+口头讲述,T→S_whole,"V, R",[新知学习]
B18,AV2,0:16:42,0:16:45,提供教学指导,T&S,讲解什么是解比例,理解,完成,ppt+口头讲述,T→S_whole,"V, R",[新知学习]
B19,AV2,0:16:45,0:16:48,诱发学习行为/引出行为,T&S,提问学生，要求学生回答：“归纳解题一般步骤”,分析,部分完成,ppt+口头讲述,T→S_ind,"V, R",[新知学习]
B19,AV2,0:16:48,0:16:51,诱发学习行为/引出行为,T&S,提问学生，要求学生回答：“归纳解题一般步骤”,分析,部分完成,ppt+口头讲述,T→S_ind,"V, R",[新知学习]
B19,AV2,0:16:51,0:16:54,诱发学习行为/引出行为,T&S,提问学生，要求学生回答：“归纳解题一般步骤”,分析,部分完成,ppt+口头讲述,T→S_ind,"V, R",[新知学习]
B19,AV2,0:16:54,0:16:57,诱发学习行为/引出行为,T&S,提问学生，要求学生回答：“归纳解题一般步骤”,分析,部分完成,ppt+口头讲述,T→S_ind,"V, R",[新知学习]
B19,AV2,0:16:57,0:17:00,诱发学习行为/引出行为,T&S,提问学生，要求学生回答：“归纳解题一般步骤”,分析,部分完成,ppt+口头讲述,T→S_ind,"V, R",[新知学习]
B19,AV2,0:17:00,0:17:03,诱发学习行为/引出行为,T&S,提问学生，要求学生回答：“归纳解题一般步骤”,分析,部分完成,ppt+口头讲述,T→S_ind,"V, R",[新知学习]
B19,AV2,0:17:03,0:17:06,诱发学习行为/引出行为,T&S,提问学生，要求学生回答：“归纳解题一般步骤”,分析,部分完成,ppt+口头讲述,T→S_ind,"V, R",[新知学习]
B19,AV2,0:17:06,0:17:09,诱发学习行为/引出行为,T&S,提问学生，要求学生回答：“归纳解题一般步骤”,分析,部分完成,ppt+口头讲述,T→S_ind,"V, R",[新知学习]
B19,AV2,0:17:09,0:17:12,诱发学习行为/引出行为,T&S,提问学生，要求学生回答：“归纳解题一般步骤”,分析,部分完成,ppt+口头讲述,T→S_ind,"V, R",[新知学习]
B19,AV2,0:17:12,0:17:15,诱发学习行为/引出行为,T&S,提问学生，要求学生回答：“归纳解题一般步骤”,分析,部分完成,ppt+口头讲述,T→S_ind,"V, R",[新知学习]
B19,AV2,0:17:15,0:17:18,诱发学习行为/引出行为,T&S,提问学生，要求学生回答：“归纳解题一般步骤”,分析,部分完成,ppt+口头讲述,T→S_ind,"V, R",[新知学习]
B19,AV2,0:17:18,0:17:21,诱发学习行为/引出行为,T&S,提问学生，要求学生回答：“归纳解题一般步骤”,分析,部分完成,ppt+口头讲述,T→S_ind,"V, R",[新知学习]
B19,AV2,0:17:21,0:17:24,诱发学习行为/引出行为,T&S,提问学生，要求学生回答：“归纳解题一般步骤”,分析,部分完成,ppt+口头讲述,T→S_ind,"V, R",[新知学习]
B19,AV2,0:17:24,0:17:27,诱发学习行为/引出行为,T&S,提问学生，要求学生回答：“归纳解题一般步骤”,分析,部分完成,ppt+口头讲述,T→S_ind,"V, R",[新知学习]
B19,AV2,0:17:27,0:17:30,诱发学习行为/引出行为,T&S,提问学生，要求学生回答：“归纳解题一般步骤”,分析,部分完成,ppt+口头讲述,T→S_ind,"V, R",[新知学习]
B19,AV2,0:17:30,0:17:33,诱发学习行为/引出行为,T&S,提问学生，要求学生回答：“归纳解题一般步骤”,分析,部分完成,ppt+口头讲述,T→S_ind,"V, R",[新知学习]
B19,AV2,0:17:33,0:17:36,诱发学习行为/引出行为,T&S,提问学生，要求学生回答：“归纳解题一般步骤”,分析,部分完成,ppt+口头讲述,T→S_ind,"V, R",[新知学习]
B19,AV2,0:17:36,0:17:39,诱发学习行为/引出行为,T&S,提问学生，要求学生回答：“归纳解题一般步骤”,分析,部分完成,ppt+口头讲述,T→S_ind,"V, R",[新知学习]
B19,AV2,0:17:39,0:17:42,诱发学习行为/引出行为,T&S,提问学生，要求学生回答：“归纳解题一般步骤”,分析,部分完成,ppt+口头讲述,T→S_ind,"V, R",[新知学习]
B19,AV2,0:17:42,0:17:45,诱发学习行为/引出行为,T&S,提问学生，要求学生回答：“归纳解题一般步骤”,分析,部分完成,ppt+口头讲述,T→S_ind,"V, R",[新知学习]
B19,AV2,0:17:45,0:17:48,诱发学习行为/引出行为,T&S,提问学生，要求学生回答：“归纳解题一般步骤”,分析,部分完成,ppt+口头讲述,T→S_ind,"V, R",[新知学习]
B19,AV2,0:17:48,0:17:51,诱发学习行为/引出行为,T&S,提问学生，要求学生回答：“归纳解题一般步骤”,分析,部分完成,ppt+口头讲述,T→S_ind,"V, R",[新知学习]
B19,AV2,0:17:51,0:17:54,诱发学习行为/引出行为,T&S,提问学生，要求学生回答：“归纳解题一般步骤”,分析,部分完成,ppt+口头讲述,T→S_ind,"V, R",[新知学习]
B19,AV2,0:17:54,0:17:57,诱发学习行为/引出行为,T&S,提问学生，要求学生回答：“归纳解题一般步骤”,分析,部分完成,ppt+口头讲述,T→S_ind,"V, R",[新知学习]
B19,AV2,0:17:57,0:18:00,诱发学习行为/引出行为,T&S,提问学生，要求学生回答：“归纳解题一般步骤”,分析,部分完成,ppt+口头讲述,T→S_ind,"V, R",[新知学习]
B19,AV2,0:18:00,0:18:03,诱发学习行为/引出行为,T&S,提问学生，要求学生回答：“归纳解题一般步骤”,分析,部分完成,ppt+口头讲述,T→S_ind,"V, R",[新知学习]
B19,AV2,0:18:03,0:18:06,诱发学习行为/引出行为,T&S,提问学生，要求学生回答：“归纳解题一般步骤”,分析,部分完成,ppt+口头讲述,T→S_ind,"V, R",[新知学习]
B19,AV2,0:18:06,0:18:09,诱发学习行为/引出行为,T&S,提问学生，要求学生回答：“归纳解题一般步骤”,分析,部分完成,ppt+口头讲述,T→S_ind,"V, R",[新知学习]
B19,AV2,0:18:09,0:18:12,诱发学习行为/引出行为,T&S,提问学生，要求学生回答：“归纳解题一般步骤”,分析,完成,ppt+口头讲述,T→S_ind,"V, R",[新知学习]
B20,AV3,0:18:12,0:18:15,检测学习结果/评价行为,T&S,布置练习让学生在练习册上练习,应用,部分完成,口头讲述+纸质练习册,T→S_whole,"V, R",[评价]
B20,AV3,0:18:15,0:18:18,检测学习结果/评价行为,T&S,布置练习让学生在练习册上练习,应用,部分完成,口头讲述+纸质练习册,T→S_whole,"V, R",[评价]
B20,AV3,0:18:18,0:18:21,检测学习结果/评价行为,T&S,布置练习让学生在练习册上练习,应用,部分完成,口头讲述+纸质练习册,T→S_whole,"V, R",[评价]
B20,AV3,0:18:21,0:18:24,检测学习结果/评价行为,T&S,布置练习让学生在练习册上练习,应用,部分完成,口头讲述+纸质练习册,T→S_whole,"V, R",[评价]
B20,AV3,0:18:24,0:18:27,检测学习结果/评价行为,T&S,布置练习让学生在练习册上练习,应用,部分完成,口头讲述+纸质练习册,T→S_whole,"V, R",[评价]
B20,AV3,0:18:27,0:18:30,检测学习结果/评价行为,T&S,布置练习让学生在练习册上练习,应用,部分完成,口头讲述+纸质练习册,T→S_whole,"V, R",[评价]
B20,AV3,0:18:30,0:18:33,检测学习结果/评价行为,T&S,布置练习让学生在练习册上练习,应用,部分完成,口头讲述+纸质练习册,T→S_whole,"V, R",[评价]
B20,AV3,0:18:33,0:18:36,检测学习结果/评价行为,T&S,布置练习让学生在练习册上练习,应用,部分完成,口头讲述+纸质练习册,T→S_whole,"V, R",[评价]
B20,AV3,0:18:36,0:18:39,检测学习结果/评价行为,T&S,布置练习让学生在练习册上练习,应用,部分完成,口头讲述+纸质练习册,T→S_whole,"V, R",[评价]
B20,AV3,0:18:39,0:18:42,检测学习结果/评价行为,T&S,布置练习让学生在练习册上练习,应用,部分完成,口头讲述+纸质练习册,T→S_whole,"V, R",[评价]
B20,AV3,0:18:42,0:18:45,检测学习结果/评价行为,T&S,布置练习让学生在练习册上练习,应用,部分完成,口头讲述+纸质练习册,T→S_whole,"V, R",[评价]
B20,AV3,0:18:45,0:18:48,检测学习结果/评价行为,T&S,布置练习让学生在练习册上练习,应用,部分完成,口头讲述+纸质练习册,T→S_whole,"V, R",[评价]
B20,AV3,0:18:48,0:18:51,检测学习结果/评价行为,T&S,布置练习让学生在练习册上练习,应用,部分完成,口头讲述+纸质练习册,T→S_whole,"V, R",[评价]
B20,AV3,0:18:51,0:18:54,检测学习结果/评价行为,T&S,布置练习让学生在练习册上练习,应用,部分完成,口头讲述+纸质练习册,T→S_whole,"V, R",[评价]
B20,AV3,0:18:54,0:18:57,检测学习结果/评价行为,T&S,布置练习让学生在练习册上练习,应用,部分完成,口头讲述+纸质练习册,T→S_whole,"V, R",[评价]
B20,AV3,0:18:57,0:19:00,检测学习结果/评价行为,T&S,布置练习让学生在练习册上练习,应用,部分完成,口头讲述+纸质练习册,T→S_whole,"V, R",[评价]
B20,AV3,0:19:00,0:19:03,检测学习结果/评价行为,T&S,布置练习让学生在练习册上练习,应用,部分完成,口头讲述+纸质练习册,T→S_whole,"V, R",[评价]
B20,AV3,0:19:03,0:19:06,检测学习结果/评价行为,T&S,布置练习让学生在练习册上练习,应用,部分完成,口头讲述+纸质练习册,T→S_whole,"V, R",[评价]
B20,AV3,0:19:06,0:19:09,检测学习结果/评价行为,T&S,布置练习让学生在练习册上练习,应用,部分完成,口头讲述+纸质练习册,T→S_whole,"V, R",[评价]
B20,AV3,0:19:09,0:19:12,检测学习结果/评价行为,T&S,布置练习让学生在练习册上练习,应用,部分完成,口头讲述+纸质练习册,T→S_whole,"V, R",[评价]
B20,AV3,0:19:12,0:19:15,检测学习结果/评价行为,T&S,布置练习让学生在练习册上练习,应用,部分完成,口头讲述+纸质练习册,T→S_whole,"V, R",[评价]
B20,AV3,0:19:15,0:19:18,检测学习结果/评价行为,T&S,布置练习让学生在练习册上练习,应用,部分完成,口头讲述+纸质练习册,T→S_whole,"V, R",[评价]
B20,AV3,0:19:18,0:19:21,检测学习结果/评价行为,T&S,布置练习让学生在练习册上练习,应用,部分完成,口头讲述+纸质练习册,T→S_whole,"V, R",[评价]
B20,AV3,0:19:21,0:19:24,检测学习结果/评价行为,T&S,布置练习让学生在练习册上练习,应用,部分完成,口头讲述+纸质练习册,T→S_whole,"V, R",[评价]
B20,AV3,0:19:24,0:19:27,检测学习结果/评价行为,T&S,布置练习让学生在练习册上练习,应用,部分完成,口头讲述+纸质练习册,T→S_whole,"V, R",[评价]
B20,AV3,0:19:27,0:19:30,检测学习结果/评价行为,T&S,布置练习让学生在练习册上练习,应用,部分完成,口头讲述+纸质练习册,T→S_whole,"V, R",[评价]
B20,AV3,0:19:30,0:19:33,检测学习结果/评价行为,T&S,布置练习让学生在练习册上练习,应用,部分完成,口头讲述+纸质练习册,T→S_whole,"V, R",[评价]
B20,AV3,0:19:33,0:19:36,检测学习结果/评价行为,T&S,布置练习让学生在练习册上练习,应用,部分完成,口头讲述+纸质练习册,T→S_whole,"V, R",[评价]
B20,AV3,0:19:36,0:19:39,检测学习结果/评价行为,T&S,布置练习让学生在练习册上练习,应用,部分完成,口头讲述+纸质练习册,T→S_whole,"V, R",[评价]
B20,AV3,0:19:39,0:19:42,检测学习结果/评价行为,T&S,布置练习让学生在练习册上练习,应用,完成,口头讲述+纸质练习册,T→S_whole,"V, R",[评价]
B21,AV3,0:19:42,0:19:45,检测学习结果/评价行为,T&S, 提问检测学生练习情况,应用,部分完成,口头讲述,T→S_whole,"V, R",[评价]
B21,AV3,0:19:45,0:19:48,检测学习结果/评价行为,T&S, 提问检测学生练习情况,应用,部分完成,口头讲述,T→S_whole,"V, R",[评价]
B21,AV3,0:19:48,0:19:51,检测学习结果/评价行为,T&S, 提问检测学生练习情况,应用,部分完成,口头讲述,T→S_whole,"V, R",[评价]
B21,AV3,0:19:51,0:19:54,检测学习结果/评价行为,T&S, 提问检测学生练习情况,应用,部分完成,口头讲述,T→S_whole,"V, R",[评价]
B21,AV3,0:19:54,0:19:57,检测学习结果/评价行为,T&S, 提问检测学生练习情况,应用,部分完成,口头讲述,T→S_whole,"V, R",[评价]
B21,AV3,0:19:57,0:20:00,检测学习结果/评价行为,T&S, 提问检测学生练习情况,应用,部分完成,口头讲述,T→S_whole,"V, R",[评价]
B21,AV3,0:20:00,0:20:03,检测学习结果/评价行为,T&S, 提问检测学生练习情况,应用,部分完成,口头讲述,T→S_whole,"V, R",[评价]
B21,AV3,0:20:03,0:20:06,检测学习结果/评价行为,T&S, 提问检测学生练习情况,应用,部分完成,口头讲述,T→S_whole,"V, R",[评价]
B21,AV3,0:20:06,0:20:09,检测学习结果/评价行为,T&S, 提问检测学生练习情况,应用,部分完成,口头讲述,T→S_whole,"V, R",[评价]
B21,AV3,0:20:09,0:20:12,检测学习结果/评价行为,T&S, 提问检测学生练习情况,应用,部分完成,口头讲述,T→S_whole,"V, R",[评价]
B21,AV3,0:20:12,0:20:15,检测学习结果/评价行为,T&S, 提问检测学生练习情况,应用,部分完成,口头讲述,T→S_whole,"V, R",[评价]
B21,AV3,0:20:15,0:20:18,检测学习结果/评价行为,T&S, 提问检测学生练习情况,应用,部分完成,口头讲述,T→S_whole,"V, R",[评价]
B21,AV3,0:20:18,0:20:21,检测学习结果/评价行为,T&S, 提问检测学生练习情况,应用,部分完成,口头讲述,T→S_whole,"V, R",[评价]
B21,AV3,0:20:21,0:20:24,检测学习结果/评价行为,T&S, 提问检测学生练习情况,应用,部分完成,口头讲述,T→S_whole,"V, R",[评价]
B21,AV3,0:20:24,0:20:27,检测学习结果/评价行为,T&S, 提问检测学生练习情况,应用,部分完成,口头讲述,T→S_whole,"V, R",[评价]
B21,AV3,0:20:27,0:20:30,检测学习结果/评价行为,T&S, 提问检测学生练习情况,应用,部分完成,口头讲述,T→S_whole,"V, R",[评价]
B21,AV3,0:20:30,0:20:33,检测学习结果/评价行为,T&S, 提问检测学生练习情况,应用,部分完成,口头讲述,T→S_whole,"V, R",[评价]
B21,AV3,0:20:33,0:20:36,检测学习结果/评价行为,T&S, 提问检测学生练习情况,应用,部分完成,口头讲述,T→S_whole,"V, R",[评价]
B21,AV3,0:20:36,0:20:39,检测学习结果/评价行为,T&S, 提问检测学生练习情况,应用,部分完成,口头讲述,T→S_whole,"V, R",[评价]
B21,AV3,0:20:39,0:20:42,检测学习结果/评价行为,T&S, 提问检测学生练习情况,应用,完成,口头讲述,T→S_whole,"V, R",[评价]
B22,AV3,0:20:42,0:20:45,检测学习结果/评价行为,T&S,"比例的实际应用还有哪些？布置练习,并让学生回答问题",应用,部分完成,ppt+口头讲述,T→S_whole,"V, R",[评价]
B22,AV3,0:20:45,0:20:48,检测学习结果/评价行为,T&S,"比例的实际应用还有哪些？布置练习,并让学生回答问题",应用,部分完成,ppt+口头讲述,T→S_whole,"V, R",[评价]
B22,AV3,0:20:48,0:20:51,检测学习结果/评价行为,T&S,"比例的实际应用还有哪些？布置练习,并让学生回答问题",应用,部分完成,ppt+口头讲述,T→S_whole,"V, R",[评价]
B22,AV3,0:20:51,0:20:54,检测学习结果/评价行为,T&S,"比例的实际应用还有哪些？布置练习,并让学生回答问题",应用,部分完成,ppt+口头讲述,T→S_whole,"V, R",[评价]
B22,AV3,0:20:54,0:20:57,检测学习结果/评价行为,T&S,"比例的实际应用还有哪些？布置练习,并让学生回答问题",应用,部分完成,ppt+口头讲述,T→S_whole,"V, R",[评价]
B22,AV3,0:20:57,0:21:00,检测学习结果/评价行为,T&S,"比例的实际应用还有哪些？布置练习,并让学生回答问题",应用,部分完成,ppt+口头讲述,T→S_whole,"V, R",[评价]
B22,AV3,0:21:00,0:21:03,检测学习结果/评价行为,T&S,"比例的实际应用还有哪些？布置练习,并让学生回答问题",应用,部分完成,ppt+口头讲述,T→S_whole,"V, R",[评价]
B22,AV3,0:21:03,0:21:06,检测学习结果/评价行为,T&S,"比例的实际应用还有哪些？布置练习,并让学生回答问题",应用,部分完成,ppt+口头讲述,T→S_whole,"V, R",[评价]
B22,AV3,0:21:06,0:21:09,检测学习结果/评价行为,T&S,"比例的实际应用还有哪些？布置练习,并让学生回答问题",应用,部分完成,ppt+口头讲述,T→S_whole,"V, R",[评价]
B22,AV3,0:21:09,0:21:12,检测学习结果/评价行为,T&S,"比例的实际应用还有哪些？布置练习,并让学生回答问题",应用,部分完成,ppt+口头讲述,T→S_whole,"V, R",[评价]
B22,AV3,0:21:12,0:21:15,检测学习结果/评价行为,T&S,"比例的实际应用还有哪些？布置练习,并让学生回答问题",应用,部分完成,ppt+口头讲述,T→S_whole,"V, R",[评价]
B22,AV3,0:21:15,0:21:18,检测学习结果/评价行为,T&S,"比例的实际应用还有哪些？布置练习,并让学生回答问题",应用,部分完成,ppt+口头讲述,T→S_whole,"V, R",[评价]
B22,AV3,0:21:18,0:21:21,检测学习结果/评价行为,T&S,"比例的实际应用还有哪些？布置练习,并让学生回答问题",应用,部分完成,ppt+口头讲述,T→S_whole,"V, R",[评价]
B22,AV3,0:21:21,0:21:24,检测学习结果/评价行为,T&S,"比例的实际应用还有哪些？布置练习,并让学生回答问题",应用,部分完成,ppt+口头讲述,T→S_whole,"V, R",[评价]
B22,AV3,0:21:24,0:21:27,检测学习结果/评价行为,T&S,"比例的实际应用还有哪些？布置练习,并让学生回答问题",应用,部分完成,ppt+口头讲述,T→S_whole,"V, R",[评价]
B22,AV3,0:21:27,0:21:30,检测学习结果/评价行为,T&S,"比例的实际应用还有哪些？布置练习,并让学生回答问题",应用,部分完成,ppt+口头讲述,T→S_whole,"V, R",[评价]
B22,AV3,0:21:30,0:21:33,检测学习结果/评价行为,T&S,"比例的实际应用还有哪些？布置练习,并让学生回答问题",应用,部分完成,ppt+口头讲述,T→S_whole,"V, R",[评价]
B22,AV3,0:21:33,0:21:36,检测学习结果/评价行为,T&S,"比例的实际应用还有哪些？布置练习,并让学生回答问题",应用,部分完成,ppt+口头讲述,T→S_whole,"V, R",[评价]
B22,AV3,0:21:36,0:21:39,检测学习结果/评价行为,T&S,"比例的实际应用还有哪些？布置练习,并让学生回答问题",应用,部分完成,ppt+口头讲述,T→S_whole,"V, R",[评价]
B22,AV3,0:21:39,0:21:42,检测学习结果/评价行为,T&S,"比例的实际应用还有哪些？布置练习,并让学生回答问题",应用,部分完成,ppt+口头讲述,T→S_whole,"V, R",[评价]
B22,AV3,0:21:42,0:21:45,检测学习结果/评价行为,T&S,"比例的实际应用还有哪些？布置练习,并让学生回答问题",应用,部分完成,ppt+口头讲述,T→S_whole,"V, R",[评价]
B22,AV3,0:21:45,0:21:48,检测学习结果/评价行为,T&S,"比例的实际应用还有哪些？布置练习,并让学生回答问题",应用,部分完成,ppt+口头讲述,T→S_whole,"V, R",[评价]
B22,AV3,0:21:48,0:21:51,检测学习结果/评价行为,T&S,"比例的实际应用还有哪些？布置练习,并让学生回答问题",应用,部分完成,ppt+口头讲述,T→S_whole,"V, R",[评价]
B22,AV3,0:21:51,0:21:54,检测学习结果/评价行为,T&S,"比例的实际应用还有哪些？布置练习,并让学生回答问题",应用,部分完成,ppt+口头讲述,T→S_whole,"V, R",[评价]
B22,AV3,0:21:54,0:21:57,检测学习结果/评价行为,T&S,"比例的实际应用还有哪些？布置练习,并让学生回答问题",应用,部分完成,ppt+口头讲述,T→S_whole,"V, R",[评价]
B22,AV3,0:21:57,0:22:00,检测学习结果/评价行为,T&S,"比例的实际应用还有哪些？布置练习,并让学生回答问题",应用,部分完成,ppt+口头讲述,T→S_whole,"V, R",[评价]
B22,AV3,0:22:00,0:22:03,检测学习结果/评价行为,T&S,"比例的实际应用还有哪些？布置练习,并让学生回答问题",应用,部分完成,ppt+口头讲述,T→S_whole,"V, R",[评价]
B22,AV3,0:22:03,0:22:06,检测学习结果/评价行为,T&S,"比例的实际应用还有哪些？布置练习,并让学生回答问题",应用,部分完成,ppt+口头讲述,T→S_whole,"V, R",[评价]
B22,AV3,0:22:06,0:22:09,检测学习结果/评价行为,T&S,"比例的实际应用还有哪些？布置练习,并让学生回答问题",应用,部分完成,ppt+口头讲述,T→S_whole,"V, R",[评价]
B22,AV3,0:22:09,0:22:12,检测学习结果/评价行为,T&S,"比例的实际应用还有哪些？布置练习,并让学生回答问题",应用,部分完成,ppt+口头讲述,T→S_whole,"V, R",[评价]
B22,AV3,0:22:12,0:22:15,检测学习结果/评价行为,T&S,"比例的实际应用还有哪些？布置练习,并让学生回答问题",应用,部分完成,ppt+口头讲述,T→S_whole,"V, R",[评价]
B22,AV3,0:22:15,0:22:18,检测学习结果/评价行为,T&S,"比例的实际应用还有哪些？布置练习,并让学生回答问题",应用,部分完成,ppt+口头讲述,T→S_whole,"V, R",[评价]
B22,AV3,0:22:18,0:22:21,检测学习结果/评价行为,T&S,"比例的实际应用还有哪些？布置练习,并让学生回答问题",应用,部分完成,ppt+口头讲述,T→S_whole,"V, R",[评价]
B22,AV3,0:22:21,0:22:24,检测学习结果/评价行为,T&S,"比例的实际应用还有哪些？布置练习,并让学生回答问题",应用,部分完成,ppt+口头讲述,T→S_whole,"V, R",[评价]
B22,AV3,0:22:24,0:22:27,检测学习结果/评价行为,T&S,"比例的实际应用还有哪些？布置练习,并让学生回答问题",应用,部分完成,ppt+口头讲述,T→S_whole,"V, R",[评价]
B22,AV3,0:22:27,0:22:30,检测学习结果/评价行为,T&S,"比例的实际应用还有哪些？布置练习,并让学生回答问题",应用,部分完成,ppt+口头讲述,T→S_whole,"V, R",[评价]
B22,AV3,0:22:30,0:22:33,检测学习结果/评价行为,T&S,"比例的实际应用还有哪些？布置练习,并让学生回答问题",应用,部分完成,ppt+口头讲述,T→S_whole,"V, R",[评价]
B22,AV3,0:22:33,0:22:36,检测学习结果/评价行为,T&S,"比例的实际应用还有哪些？布置练习,并让学生回答问题",应用,部分完成,ppt+口头讲述,T→S_whole,"V, R",[评价]
B22,AV3,0:22:36,0:22:39,检测学习结果/评价行为,T&S,"比例的实际应用还有哪些？布置练习,并让学生回答问题",应用,部分完成,ppt+口头讲述,T→S_whole,"V, R",[评价]
B22,AV3,0:22:39,0:22:42,检测学习结果/评价行为,T&S,"比例的实际应用还有哪些？布置练习,并让学生回答问题",应用,部分完成,ppt+口头讲述,T→S_whole,"V, R",[评价]
B22,AV3,0:22:42,0:22:45,检测学习结果/评价行为,T&S,"比例的实际应用还有哪些？布置练习,并让学生回答问题",应用,部分完成,ppt+口头讲述,T→S_whole,"V, R",[评价]
B22,AV3,0:22:45,0:22:48,检测学习结果/评价行为,T&S,"比例的实际应用还有哪些？布置练习,并让学生回答问题",应用,部分完成,ppt+口头讲述,T→S_whole,"V, R",[评价]
B22,AV3,0:22:48,0:22:51,检测学习结果/评价行为,T&S,"比例的实际应用还有哪些？布置练习,并让学生回答问题",应用,部分完成,ppt+口头讲述,T→S_whole,"V, R",[评价]
B22,AV3,0:22:51,0:22:54,检测学习结果/评价行为,T&S,"比例的实际应用还有哪些？布置练习,并让学生回答问题",应用,部分完成,ppt+口头讲述,T→S_whole,"V, R",[评价]
B22,AV3,0:22:54,0:22:57,检测学习结果/评价行为,T&S,"比例的实际应用还有哪些？布置练习,并让学生回答问题",应用,部分完成,ppt+口头讲述,T→S_whole,"V, R",[评价]
B22,AV3,0:22:57,0:23:00,检测学习结果/评价行为,T&S,"比例的实际应用还有哪些？布置练习,并让学生回答问题",应用,部分完成,ppt+口头讲述,T→S_whole,"V, R",[评价]
B22,AV3,0:23:00,0:23:03,检测学习结果/评价行为,T&S,"比例的实际应用还有哪些？布置练习,并让学生回答问题",应用,部分完成,ppt+口头讲述,T→S_whole,"V, R",[评价]
B22,AV3,0:23:03,0:23:06,检测学习结果/评价行为,T&S,"比例的实际应用还有哪些？布置练习,并让学生回答问题",应用,部分完成,ppt+口头讲述,T→S_whole,"V, R",[评价]
B22,AV3,0:23:06,0:23:09,检测学习结果/评价行为,T&S,"比例的实际应用还有哪些？布置练习,并让学生回答问题",应用,部分完成,ppt+口头讲述,T→S_whole,"V, R",[评价]
B22,AV3,0:23:09,0:23:12,检测学习结果/评价行为,T&S,"比例的实际应用还有哪些？布置练习,并让学生回答问题",应用,部分完成,ppt+口头讲述,T→S_whole,"V, R",[评价]
B22,AV3,0:23:12,0:23:15,检测学习结果/评价行为,T&S,"比例的实际应用还有哪些？布置练习,并让学生回答问题",应用,部分完成,ppt+口头讲述,T→S_whole,"V, R",[评价]
B22,AV3,0:23:15,0:23:18,检测学习结果/评价行为,T&S,"比例的实际应用还有哪些？布置练习,并让学生回答问题",应用,部分完成,ppt+口头讲述,T→S_whole,"V, R",[评价]
B22,AV3,0:23:18,0:23:21,检测学习结果/评价行为,T&S,"比例的实际应用还有哪些？布置练习,并让学生回答问题",应用,部分完成,ppt+口头讲述,T→S_whole,"V, R",[评价]
B22,AV3,0:23:21,0:23:24,检测学习结果/评价行为,T&S,"比例的实际应用还有哪些？布置练习,并让学生回答问题",应用,部分完成,ppt+口头讲述,T→S_whole,"V, R",[评价]
B22,AV3,0:23:24,0:23:27,检测学习结果/评价行为,T&S,"比例的实际应用还有哪些？布置练习,并让学生回答问题",应用,部分完成,ppt+口头讲述,T→S_whole,"V, R",[评价]
B22,AV3,0:23:27,0:23:30,检测学习结果/评价行为,T&S,"比例的实际应用还有哪些？布置练习,并让学生回答问题",应用,部分完成,ppt+口头讲述,T→S_whole,"V, R",[评价]
B22,AV3,0:23:30,0:23:33,检测学习结果/评价行为,T&S,"比例的实际应用还有哪些？布置练习,并让学生回答问题",应用,部分完成,ppt+口头讲述,T→S_whole,"V, R",[评价]
B22,AV3,0:23:33,0:23:36,检测学习结果/评价行为,T&S,"比例的实际应用还有哪些？布置练习,并让学生回答问题",应用,部分完成,ppt+口头讲述,T→S_whole,"V, R",[评价]
B22,AV3,0:23:36,0:23:39,检测学习结果/评价行为,T&S,"比例的实际应用还有哪些？布置练习,并让学生回答问题",应用,部分完成,ppt+口头讲述,T→S_whole,"V, R",[评价]
B22,AV3,0:23:39,0:23:42,检测学习结果/评价行为,T&S,"比例的实际应用还有哪些？布置练习,并让学生回答问题",应用,部分完成,ppt+口头讲述,T→S_whole,"V, R",[评价]
B22,AV3,0:23:42,0:23:45,检测学习结果/评价行为,T&S,"比例的实际应用还有哪些？布置练习,并让学生回答问题",应用,部分完成,ppt+口头讲述,T→S_whole,"V, R",[评价]
B22,AV3,0:23:45,0:23:48,检测学习结果/评价行为,T&S,"比例的实际应用还有哪些？布置练习,并让学生回答问题",应用,部分完成,ppt+口头讲述,T→S_whole,"V, R",[评价]
B22,AV3,0:23:48,0:23:51,检测学习结果/评价行为,T&S,"比例的实际应用还有哪些？布置练习,并让学生回答问题",应用,部分完成,ppt+口头讲述,T→S_whole,"V, R",[评价]
B22,AV3,0:23:51,0:23:54,检测学习结果/评价行为,T&S,"比例的实际应用还有哪些？布置练习,并让学生回答问题",应用,部分完成,ppt+口头讲述,T→S_whole,"V, R",[评价]
B22,AV3,0:23:54,0:23:57,检测学习结果/评价行为,T&S,"比例的实际应用还有哪些？布置练习,并让学生回答问题",应用,部分完成,ppt+口头讲述,T→S_whole,"V, R",[评价]
B22,AV3,0:23:57,0:24:00,检测学习结果/评价行为,T&S,"比例的实际应用还有哪些？布置练习,并让学生回答问题",应用,部分完成,ppt+口头讲述,T→S_whole,"V, R",[评价]
B22,AV3,0:24:00,0:24:03,检测学习结果/评价行为,T&S,"比例的实际应用还有哪些？布置练习,并让学生回答问题",应用,部分完成,ppt+口头讲述,T→S_whole,"V, R",[评价]
B22,AV3,0:24:03,0:24:06,检测学习结果/评价行为,T&S,"比例的实际应用还有哪些？布置练习,并让学生回答问题",应用,部分完成,ppt+口头讲述,T→S_whole,"V, R",[评价]
B22,AV3,0:24:06,0:24:09,检测学习结果/评价行为,T&S,"比例的实际应用还有哪些？布置练习,并让学生回答问题",应用,部分完成,ppt+口头讲述,T→S_whole,"V, R",[评价]
B22,AV3,0:24:09,0:24:12,检测学习结果/评价行为,T&S,"比例的实际应用还有哪些？布置练习,并让学生回答问题",应用,部分完成,ppt+口头讲述,T→S_whole,"V, R",[评价]
B22,AV3,0:24:12,0:24:15,检测学习结果/评价行为,T&S,"比例的实际应用还有哪些？布置练习,并让学生回答问题",应用,部分完成,ppt+口头讲述,T→S_whole,"V, R",[评价]
B22,AV3,0:24:15,0:24:18,检测学习结果/评价行为,T&S,"比例的实际应用还有哪些？布置练习,并让学生回答问题",应用,部分完成,ppt+口头讲述,T→S_whole,"V, R",[评价]
B22,AV3,0:24:18,0:24:21,检测学习结果/评价行为,T&S,"比例的实际应用还有哪些？布置练习,并让学生回答问题",应用,完成,ppt+口头讲述,T→S_whole,"V, R",[评价]
B23,AV3,0:24:21,0:24:24,检测学习结果/评价行为,T&S,长方体的比例,分析,部分完成,ppt+口头讲述,T→S_whole,"V, R",[评价]
B23,AV3,0:24:24,0:24:27,检测学习结果/评价行为,T&S,长方体的比例,分析,部分完成,ppt+口头讲述,T→S_whole,"V, R",[评价]
B23,AV3,0:24:27,0:24:30,检测学习结果/评价行为,T&S,长方体的比例,分析,部分完成,ppt+口头讲述,T→S_whole,"V, R",[评价]
B23,AV3,0:24:30,0:24:33,检测学习结果/评价行为,T&S,长方体的比例,分析,部分完成,ppt+口头讲述,T→S_whole,"V, R",[评价]
B23,AV3,0:24:33,0:24:36,检测学习结果/评价行为,T&S,长方体的比例,分析,部分完成,ppt+口头讲述,T→S_whole,"V, R",[评价]
B23,AV3,0:24:36,0:24:39,检测学习结果/评价行为,T&S,长方体的比例,分析,部分完成,ppt+口头讲述,T→S_whole,"V, R",[评价]
B23,AV3,0:24:39,0:24:42,检测学习结果/评价行为,T&S,长方体的比例,分析,部分完成,ppt+口头讲述,T→S_whole,"V, R",[评价]
B23,AV3,0:24:42,0:24:45,检测学习结果/评价行为,T&S,长方体的比例,分析,部分完成,ppt+口头讲述,T→S_whole,"V, R",[评价]
B23,AV3,0:24:45,0:24:48,检测学习结果/评价行为,T&S,长方体的比例,分析,部分完成,ppt+口头讲述,T→S_whole,"V, R",[评价]
B23,AV3,0:24:48,0:24:51,检测学习结果/评价行为,T&S,长方体的比例,分析,部分完成,ppt+口头讲述,T→S_whole,"V, R",[评价]
B23,AV3,0:24:51,0:24:54,检测学习结果/评价行为,T&S,长方体的比例,分析,部分完成,ppt+口头讲述,T→S_whole,"V, R",[评价]
B23,AV3,0:24:54,0:24:57,检测学习结果/评价行为,T&S,长方体的比例,分析,部分完成,ppt+口头讲述,T→S_whole,"V, R",[评价]
B23,AV3,0:24:57,0:25:00,检测学习结果/评价行为,T&S,长方体的比例,分析,部分完成,ppt+口头讲述,T→S_whole,"V, R",[评价]
B23,AV3,0:25:00,0:25:03,检测学习结果/评价行为,T&S,长方体的比例,分析,部分完成,ppt+口头讲述,T→S_whole,"V, R",[评价]
B23,AV3,0:25:03,0:25:06,检测学习结果/评价行为,T&S,长方体的比例,分析,部分完成,ppt+口头讲述,T→S_whole,"V, R",[评价]
B23,AV3,0:25:06,0:25:09,检测学习结果/评价行为,T&S,长方体的比例,分析,部分完成,ppt+口头讲述,T→S_whole,"V, R",[评价]
B23,AV3,0:25:09,0:25:12,检测学习结果/评价行为,T&S,长方体的比例,分析,部分完成,ppt+口头讲述,T→S_whole,"V, R",[评价]
B23,AV3,0:25:12,0:25:15,检测学习结果/评价行为,T&S,长方体的比例,分析,部分完成,ppt+口头讲述,T→S_whole,"V, R",[评价]
B23,AV3,0:25:15,0:25:18,检测学习结果/评价行为,T&S,长方体的比例,分析,部分完成,ppt+口头讲述,T→S_whole,"V, R",[评价]
B23,AV3,0:25:18,0:25:21,检测学习结果/评价行为,T&S,长方体的比例,分析,部分完成,ppt+口头讲述,T→S_whole,"V, R",[评价]
B23,AV3,0:25:21,0:25:24,检测学习结果/评价行为,T&S,长方体的比例,分析,部分完成,ppt+口头讲述,T→S_whole,"V, R",[评价]
B23,AV3,0:25:24,0:25:27,检测学习结果/评价行为,T&S,长方体的比例,分析,部分完成,ppt+口头讲述,T→S_whole,"V, R",[评价]
B23,AV3,0:25:27,0:25:30,检测学习结果/评价行为,T&S,长方体的比例,分析,部分完成,ppt+口头讲述,T→S_whole,"V, R",[评价]
B23,AV3,0:25:30,0:25:33,检测学习结果/评价行为,T&S,长方体的比例,分析,部分完成,ppt+口头讲述,T→S_whole,"V, R",[评价]
B23,AV3,0:25:33,0:25:36,检测学习结果/评价行为,T&S,长方体的比例,分析,部分完成,ppt+口头讲述,T→S_whole,"V, R",[评价]
B23,AV3,0:25:36,0:25:39,检测学习结果/评价行为,T&S,长方体的比例,分析,部分完成,ppt+口头讲述,T→S_whole,"V, R",[评价]
B23,AV3,0:25:39,0:25:42,检测学习结果/评价行为,T&S,长方体的比例,分析,部分完成,ppt+口头讲述,T→S_whole,"V, R",[评价]
B23,AV3,0:25:42,0:25:45,检测学习结果/评价行为,T&S,长方体的比例,分析,部分完成,ppt+口头讲述,T→S_whole,"V, R",[评价]
B23,AV3,0:25:45,0:25:48,检测学习结果/评价行为,T&S,长方体的比例,分析,部分完成,ppt+口头讲述,T→S_whole,"V, R",[评价]
B23,AV3,0:25:48,0:25:51,检测学习结果/评价行为,T&S,长方体的比例,分析,部分完成,ppt+口头讲述,T→S_whole,"V, R",[评价]
B23,AV3,0:25:51,0:25:54,检测学习结果/评价行为,T&S,长方体的比例,分析,部分完成,ppt+口头讲述,T→S_whole,"V, R",[评价]
B23,AV3,0:25:54,0:25:57,检测学习结果/评价行为,T&S,长方体的比例,分析,部分完成,ppt+口头讲述,T→S_whole,"V, R",[评价]
B23,AV3,0:25:57,0:26:00,检测学习结果/评价行为,T&S,长方体的比例,分析,部分完成,ppt+口头讲述,T→S_whole,"V, R",[评价]
B23,AV3,0:26:00,0:26:03,检测学习结果/评价行为,T&S,长方体的比例,分析,部分完成,ppt+口头讲述,T→S_whole,"V, R",[评价]
B23,AV3,0:26:03,0:26:06,检测学习结果/评价行为,T&S,长方体的比例,分析,部分完成,ppt+口头讲述,T→S_whole,"V, R",[评价]
B23,AV3,0:26:06,0:26:09,检测学习结果/评价行为,T&S,长方体的比例,分析,部分完成,ppt+口头讲述,T→S_whole,"V, R",[评价]
B23,AV3,0:26:09,0:26:12,检测学习结果/评价行为,T&S,长方体的比例,分析,部分完成,ppt+口头讲述,T→S_whole,"V, R",[评价]
B23,AV3,0:26:12,0:26:15,检测学习结果/评价行为,T&S,长方体的比例,分析,部分完成,ppt+口头讲述,T→S_whole,"V, R",[评价]
B23,AV3,0:26:15,0:26:18,检测学习结果/评价行为,T&S,长方体的比例,分析,部分完成,ppt+口头讲述,T→S_whole,"V, R",[评价]
B23,AV3,0:26:18,0:26:21,检测学习结果/评价行为,T&S,长方体的比例,分析,部分完成,ppt+口头讲述,T→S_whole,"V, R",[评价]
B23,AV3,0:26:21,0:26:24,检测学习结果/评价行为,T&S,长方体的比例,分析,部分完成,ppt+口头讲述,T→S_whole,"V, R",[评价]
B23,AV3,0:26:24,0:26:27,检测学习结果/评价行为,T&S,长方体的比例,分析,部分完成,ppt+口头讲述,T→S_whole,"V, R",[评价]
B23,AV3,0:26:27,0:26:30,检测学习结果/评价行为,T&S,长方体的比例,分析,部分完成,ppt+口头讲述,T→S_whole,"V, R",[评价]
B23,AV3,0:26:30,0:26:33,检测学习结果/评价行为,T&S,长方体的比例,分析,部分完成,ppt+口头讲述,T→S_whole,"V, R",[评价]
B23,AV3,0:26:33,0:26:36,检测学习结果/评价行为,T&S,长方体的比例,分析,部分完成,ppt+口头讲述,T→S_whole,"V, R",[评价]
B23,AV3,0:26:36,0:26:39,检测学习结果/评价行为,T&S,长方体的比例,分析,部分完成,ppt+口头讲述,T→S_whole,"V, R",[评价]
B23,AV3,0:26:39,0:26:42,检测学习结果/评价行为,T&S,长方体的比例,分析,部分完成,ppt+口头讲述,T→S_whole,"V, R",[评价]
B23,AV3,0:26:42,0:26:45,检测学习结果/评价行为,T&S,长方体的比例,分析,部分完成,ppt+口头讲述,T→S_whole,"V, R",[评价]
B23,AV3,0:26:45,0:26:48,检测学习结果/评价行为,T&S,长方体的比例,分析,部分完成,ppt+口头讲述,T→S_whole,"V, R",[评价]
B23,AV3,0:26:48,0:26:51,检测学习结果/评价行为,T&S,长方体的比例,分析,部分完成,ppt+口头讲述,T→S_whole,"V, R",[评价]
B23,AV3,0:26:51,0:26:54,检测学习结果/评价行为,T&S,长方体的比例,分析,部分完成,ppt+口头讲述,T→S_whole,"V, R",[评价]
B23,AV3,0:26:54,0:26:57,检测学习结果/评价行为,T&S,长方体的比例,分析,部分完成,ppt+口头讲述,T→S_whole,"V, R",[评价]
B23,AV3,0:26:57,0:27:00,检测学习结果/评价行为,T&S,长方体的比例,分析,部分完成,ppt+口头讲述,T→S_whole,"V, R",[评价]
B23,AV3,0:27:00,0:27:03,检测学习结果/评价行为,T&S,长方体的比例,分析,部分完成,ppt+口头讲述,T→S_whole,"V, R",[评价]
B23,AV3,0:27:03,0:27:06,检测学习结果/评价行为,T&S,长方体的比例,分析,部分完成,ppt+口头讲述,T→S_whole,"V, R",[评价]
B23,AV3,0:27:06,0:27:09,检测学习结果/评价行为,T&S,长方体的比例,分析,完成,ppt+口头讲述,T→S_whole,"V, R",[评价]
B24,AV3,0:27:09,0:27:12,检测学习结果/评价行为,T&S,三角形的比例分析,分析,部分完成,ppt+口头讲述,T→S_whole,"V, R",[评价]
B24,AV3,0:27:12,0:27:15,检测学习结果/评价行为,T&S,三角形的比例分析,分析,部分完成,ppt+口头讲述,T→S_whole,"V, R",[评价]
B24,AV3,0:27:15,0:27:18,检测学习结果/评价行为,T&S,三角形的比例分析,分析,部分完成,ppt+口头讲述,T→S_whole,"V, R",[评价]
B24,AV3,0:27:18,0:27:21,检测学习结果/评价行为,T&S,三角形的比例分析,分析,部分完成,ppt+口头讲述,T→S_whole,"V, R",[评价]
B24,AV3,0:27:21,0:27:24,检测学习结果/评价行为,T&S,三角形的比例分析,分析,部分完成,ppt+口头讲述,T→S_whole,"V, R",[评价]
B24,AV3,0:27:24,0:27:27,检测学习结果/评价行为,T&S,三角形的比例分析,分析,部分完成,ppt+口头讲述,T→S_whole,"V, R",[评价]
B24,AV3,0:27:27,0:27:30,检测学习结果/评价行为,T&S,三角形的比例分析,分析,部分完成,ppt+口头讲述,T→S_whole,"V, R",[评价]
B24,AV3,0:27:30,0:27:33,检测学习结果/评价行为,T&S,三角形的比例分析,分析,部分完成,ppt+口头讲述,T→S_whole,"V, R",[评价]
B24,AV3,0:27:33,0:27:36,检测学习结果/评价行为,T&S,三角形的比例分析,分析,部分完成,ppt+口头讲述,T→S_whole,"V, R",[评价]
B24,AV3,0:27:36,0:27:39,检测学习结果/评价行为,T&S,三角形的比例分析,分析,部分完成,ppt+口头讲述,T→S_whole,"V, R",[评价]
B24,AV3,0:27:39,0:27:42,检测学习结果/评价行为,T&S,三角形的比例分析,分析,部分完成,ppt+口头讲述,T→S_whole,"V, R",[评价]
B24,AV3,0:27:42,0:27:45,检测学习结果/评价行为,T&S,三角形的比例分析,分析,部分完成,ppt+口头讲述,T→S_whole,"V, R",[评价]
B24,AV3,0:27:45,0:27:48,检测学习结果/评价行为,T&S,三角形的比例分析,分析,部分完成,ppt+口头讲述,T→S_whole,"V, R",[评价]
B24,AV3,0:27:48,0:27:51,检测学习结果/评价行为,T&S,三角形的比例分析,分析,部分完成,ppt+口头讲述,T→S_whole,"V, R",[评价]
B24,AV3,0:27:51,0:27:54,检测学习结果/评价行为,T&S,三角形的比例分析,分析,部分完成,ppt+口头讲述,T→S_whole,"V, R",[评价]
B24,AV3,0:27:54,0:27:57,检测学习结果/评价行为,T&S,三角形的比例分析,分析,部分完成,ppt+口头讲述,T→S_whole,"V, R",[评价]
B24,AV3,0:27:57,0:28:00,检测学习结果/评价行为,T&S,三角形的比例分析,分析,部分完成,ppt+口头讲述,T→S_whole,"V, R",[评价]
B24,AV3,0:28:00,0:28:03,检测学习结果/评价行为,T&S,三角形的比例分析,分析,部分完成,ppt+口头讲述,T→S_whole,"V, R",[评价]
B24,AV3,0:28:03,0:28:06,检测学习结果/评价行为,T&S,三角形的比例分析,分析,部分完成,ppt+口头讲述,T→S_whole,"V, R",[评价]
B24,AV3,0:28:06,0:28:09,检测学习结果/评价行为,T&S,三角形的比例分析,分析,部分完成,ppt+口头讲述,T→S_whole,"V, R",[评价]
B24,AV3,0:28:09,0:28:12,检测学习结果/评价行为,T&S,三角形的比例分析,分析,部分完成,ppt+口头讲述,T→S_whole,"V, R",[评价]
B24,AV3,0:28:12,0:28:15,检测学习结果/评价行为,T&S,三角形的比例分析,分析,部分完成,ppt+口头讲述,T→S_whole,"V, R",[评价]
B24,AV3,0:28:15,0:28:18,检测学习结果/评价行为,T&S,三角形的比例分析,分析,部分完成,ppt+口头讲述,T→S_whole,"V, R",[评价]
B24,AV3,0:28:18,0:28:21,检测学习结果/评价行为,T&S,三角形的比例分析,分析,部分完成,ppt+口头讲述,T→S_whole,"V, R",[评价]
B24,AV3,0:28:21,0:28:24,检测学习结果/评价行为,T&S,三角形的比例分析,分析,部分完成,ppt+口头讲述,T→S_whole,"V, R",[评价]
B24,AV3,0:28:24,0:28:27,检测学习结果/评价行为,T&S,三角形的比例分析,分析,部分完成,ppt+口头讲述,T→S_whole,"V, R",[评价]
B24,AV3,0:28:27,0:28:30,检测学习结果/评价行为,T&S,三角形的比例分析,分析,部分完成,ppt+口头讲述,T→S_whole,"V, R",[评价]
B24,AV3,0:28:30,0:28:33,检测学习结果/评价行为,T&S,三角形的比例分析,分析,部分完成,ppt+口头讲述,T→S_whole,"V, R",[评价]
B24,AV3,0:28:33,0:28:36,检测学习结果/评价行为,T&S,三角形的比例分析,分析,完成,ppt+口头讲述,T→S_whole,"V, R",[评价]
B25,AV3,0:28:36,0:28:39,检测学习结果/评价行为,T&S,用比例解决实际问题：蜂蜜水的稀释问题,应用,部分完成,ppt+口头讲述,T→S_whole,"V, R",[评价]
B25,AV3,0:28:39,0:28:42,检测学习结果/评价行为,T&S,用比例解决实际问题：蜂蜜水的稀释问题,应用,部分完成,ppt+口头讲述,T→S_whole,"V, R",[评价]
B25,AV3,0:28:42,0:28:45,检测学习结果/评价行为,T&S,用比例解决实际问题：蜂蜜水的稀释问题,应用,部分完成,ppt+口头讲述,T→S_whole,"V, R",[评价]
B25,AV3,0:28:45,0:28:48,检测学习结果/评价行为,T&S,用比例解决实际问题：蜂蜜水的稀释问题,应用,部分完成,ppt+口头讲述,T→S_whole,"V, R",[评价]
B25,AV3,0:28:48,0:28:51,检测学习结果/评价行为,T&S,用比例解决实际问题：蜂蜜水的稀释问题,应用,部分完成,ppt+口头讲述,T→S_whole,"V, R",[评价]
B25,AV3,0:28:51,0:28:54,检测学习结果/评价行为,T&S,用比例解决实际问题：蜂蜜水的稀释问题,应用,部分完成,ppt+口头讲述,T→S_whole,"V, R",[评价]
B25,AV3,0:28:54,0:28:57,检测学习结果/评价行为,T&S,用比例解决实际问题：蜂蜜水的稀释问题,应用,部分完成,ppt+口头讲述,T→S_whole,"V, R",[评价]
B25,AV3,0:28:57,0:29:00,检测学习结果/评价行为,T&S,用比例解决实际问题：蜂蜜水的稀释问题,应用,部分完成,ppt+口头讲述,T→S_whole,"V, R",[评价]
B25,AV3,0:29:00,0:29:03,检测学习结果/评价行为,T&S,用比例解决实际问题：蜂蜜水的稀释问题,应用,部分完成,ppt+口头讲述,T→S_whole,"V, R",[评价]
B25,AV3,0:29:03,0:29:06,检测学习结果/评价行为,T&S,用比例解决实际问题：蜂蜜水的稀释问题,应用,部分完成,ppt+口头讲述,T→S_whole,"V, R",[评价]
B25,AV3,0:29:06,0:29:09,检测学习结果/评价行为,T&S,用比例解决实际问题：蜂蜜水的稀释问题,应用,部分完成,ppt+口头讲述,T→S_whole,"V, R",[评价]
B25,AV3,0:29:09,0:29:12,检测学习结果/评价行为,T&S,用比例解决实际问题：蜂蜜水的稀释问题,应用,部分完成,ppt+口头讲述,T→S_whole,"V, R",[评价]
B25,AV3,0:29:12,0:29:15,检测学习结果/评价行为,T&S,用比例解决实际问题：蜂蜜水的稀释问题,应用,部分完成,ppt+口头讲述,T→S_whole,"V, R",[评价]
B25,AV3,0:29:15,0:29:18,检测学习结果/评价行为,T&S,用比例解决实际问题：蜂蜜水的稀释问题,应用,部分完成,ppt+口头讲述,T→S_whole,"V, R",[评价]
B25,AV3,0:29:18,0:29:21,检测学习结果/评价行为,T&S,用比例解决实际问题：蜂蜜水的稀释问题,应用,部分完成,ppt+口头讲述,T→S_whole,"V, R",[评价]
B25,AV3,0:29:21,0:29:24,检测学习结果/评价行为,T&S,用比例解决实际问题：蜂蜜水的稀释问题,应用,部分完成,ppt+口头讲述,T→S_whole,"V, R",[评价]
B25,AV3,0:29:24,0:29:27,检测学习结果/评价行为,T&S,用比例解决实际问题：蜂蜜水的稀释问题,应用,部分完成,ppt+口头讲述,T→S_whole,"V, R",[评价]
B25,AV3,0:29:27,0:29:30,检测学习结果/评价行为,T&S,用比例解决实际问题：蜂蜜水的稀释问题,应用,部分完成,ppt+口头讲述,T→S_whole,"V, R",[评价]
B25,AV3,0:29:30,0:29:33,检测学习结果/评价行为,T&S,用比例解决实际问题：蜂蜜水的稀释问题,应用,部分完成,ppt+口头讲述,T→S_whole,"V, R",[评价]
B25,AV3,0:29:33,0:29:36,检测学习结果/评价行为,T&S,用比例解决实际问题：蜂蜜水的稀释问题,应用,部分完成,ppt+口头讲述,T→S_whole,"V, R",[评价]
B25,AV3,0:29:36,0:29:39,检测学习结果/评价行为,T&S,用比例解决实际问题：蜂蜜水的稀释问题,应用,部分完成,ppt+口头讲述,T→S_whole,"V, R",[评价]
B25,AV3,0:29:39,0:29:42,检测学习结果/评价行为,T&S,用比例解决实际问题：蜂蜜水的稀释问题,应用,部分完成,ppt+口头讲述,T→S_whole,"V, R",[评价]
B25,AV3,0:29:42,0:29:45,检测学习结果/评价行为,T&S,用比例解决实际问题：蜂蜜水的稀释问题,应用,部分完成,ppt+口头讲述,T→S_whole,"V, R",[评价]
B25,AV3,0:29:45,0:29:48,检测学习结果/评价行为,T&S,用比例解决实际问题：蜂蜜水的稀释问题,应用,部分完成,ppt+口头讲述,T→S_whole,"V, R",[评价]
B25,AV3,0:29:48,0:29:51,检测学习结果/评价行为,T&S,用比例解决实际问题：蜂蜜水的稀释问题,应用,部分完成,ppt+口头讲述,T→S_whole,"V, R",[评价]
B25,AV3,0:29:51,0:29:54,检测学习结果/评价行为,T&S,用比例解决实际问题：蜂蜜水的稀释问题,应用,部分完成,ppt+口头讲述,T→S_whole,"V, R",[评价]
B25,AV3,0:29:54,0:29:57,检测学习结果/评价行为,T&S,用比例解决实际问题：蜂蜜水的稀释问题,应用,部分完成,ppt+口头讲述,T→S_whole,"V, R",[评价]
B25,AV3,0:29:57,0:30:00,检测学习结果/评价行为,T&S,用比例解决实际问题：蜂蜜水的稀释问题,应用,部分完成,ppt+口头讲述,T→S_whole,"V, R",[评价]
B25,AV3,0:30:00,0:30:03,检测学习结果/评价行为,T&S,用比例解决实际问题：蜂蜜水的稀释问题,应用,部分完成,ppt+口头讲述,T→S_whole,"V, R",[评价]
B25,AV3,0:30:03,0:30:06,检测学习结果/评价行为,T&S,用比例解决实际问题：蜂蜜水的稀释问题,应用,部分完成,ppt+口头讲述,T→S_whole,"V, R",[评价]
B25,AV3,0:30:06,0:30:09,检测学习结果/评价行为,T&S,用比例解决实际问题：蜂蜜水的稀释问题,应用,部分完成,ppt+口头讲述,T→S_whole,"V, R",[评价]
B25,AV3,0:30:09,0:30:12,检测学习结果/评价行为,T&S,用比例解决实际问题：蜂蜜水的稀释问题,应用,部分完成,ppt+口头讲述,T→S_whole,"V, R",[评价]
B25,AV3,0:30:12,0:30:15,检测学习结果/评价行为,T&S,用比例解决实际问题：蜂蜜水的稀释问题,应用,部分完成,ppt+口头讲述,T→S_whole,"V, R",[评价]
B25,AV3,0:30:15,0:30:18,检测学习结果/评价行为,T&S,用比例解决实际问题：蜂蜜水的稀释问题,应用,部分完成,ppt+口头讲述,T→S_whole,"V, R",[评价]
B25,AV3,0:30:18,0:30:21,检测学习结果/评价行为,T&S,用比例解决实际问题：蜂蜜水的稀释问题,应用,部分完成,ppt+口头讲述,T→S_whole,"V, R",[评价]
B25,AV3,0:30:21,0:30:24,检测学习结果/评价行为,T&S,用比例解决实际问题：蜂蜜水的稀释问题,应用,部分完成,ppt+口头讲述,T→S_whole,"V, R",[评价]
B25,AV3,0:30:24,0:30:27,检测学习结果/评价行为,T&S,用比例解决实际问题：蜂蜜水的稀释问题,应用,部分完成,ppt+口头讲述,T→S_whole,"V, R",[评价]
B25,AV3,0:30:27,0:30:30,检测学习结果/评价行为,T&S,用比例解决实际问题：蜂蜜水的稀释问题,应用,部分完成,ppt+口头讲述,T→S_whole,"V, R",[评价]
B25,AV3,0:30:30,0:30:33,检测学习结果/评价行为,T&S,用比例解决实际问题：蜂蜜水的稀释问题,应用,部分完成,ppt+口头讲述,T→S_whole,"V, R",[评价]
B25,AV3,0:30:33,0:30:36,检测学习结果/评价行为,T&S,用比例解决实际问题：蜂蜜水的稀释问题,应用,部分完成,ppt+口头讲述,T→S_whole,"V, R",[评价]
B25,AV3,0:30:36,0:30:39,检测学习结果/评价行为,T&S,用比例解决实际问题：蜂蜜水的稀释问题,应用,部分完成,ppt+口头讲述,T→S_whole,"V, R",[评价]
B25,AV3,0:30:39,0:30:42,检测学习结果/评价行为,T&S,用比例解决实际问题：蜂蜜水的稀释问题,应用,部分完成,ppt+口头讲述,T→S_whole,"V, R",[评价]
B25,AV3,0:30:42,0:30:45,检测学习结果/评价行为,T&S,用比例解决实际问题：蜂蜜水的稀释问题,应用,部分完成,ppt+口头讲述,T→S_whole,"V, R",[评价]
B25,AV3,0:30:45,0:30:48,检测学习结果/评价行为,T&S,用比例解决实际问题：蜂蜜水的稀释问题,应用,部分完成,ppt+口头讲述,T→S_whole,"V, R",[评价]
B25,AV3,0:30:48,0:30:51,检测学习结果/评价行为,T&S,用比例解决实际问题：蜂蜜水的稀释问题,应用,部分完成,ppt+口头讲述,T→S_whole,"V, R",[评价]
B25,AV3,0:30:51,0:30:54,检测学习结果/评价行为,T&S,用比例解决实际问题：蜂蜜水的稀释问题,应用,部分完成,ppt+口头讲述,T→S_whole,"V, R",[评价]
B25,AV3,0:30:54,0:30:57,检测学习结果/评价行为,T&S,用比例解决实际问题：蜂蜜水的稀释问题,应用,部分完成,ppt+口头讲述,T→S_whole,"V, R",[评价]
B25,AV3,0:30:57,0:31:00,检测学习结果/评价行为,T&S,用比例解决实际问题：蜂蜜水的稀释问题,应用,部分完成,ppt+口头讲述,T→S_whole,"V, R",[评价]
B25,AV3,0:31:00,0:31:03,检测学习结果/评价行为,T&S,用比例解决实际问题：蜂蜜水的稀释问题,应用,部分完成,ppt+口头讲述,T→S_whole,"V, R",[评价]
B25,AV3,0:31:03,0:31:06,检测学习结果/评价行为,T&S,用比例解决实际问题：蜂蜜水的稀释问题,应用,部分完成,ppt+口头讲述,T→S_whole,"V, R",[评价]
B25,AV3,0:31:06,0:31:09,检测学习结果/评价行为,T&S,用比例解决实际问题：蜂蜜水的稀释问题,应用,部分完成,ppt+口头讲述,T→S_whole,"V, R",[评价]
B25,AV3,0:31:09,0:31:12,检测学习结果/评价行为,T&S,用比例解决实际问题：蜂蜜水的稀释问题,应用,部分完成,ppt+口头讲述,T→S_whole,"V, R",[评价]
B25,AV3,0:31:12,0:31:15,检测学习结果/评价行为,T&S,用比例解决实际问题：蜂蜜水的稀释问题,应用,部分完成,ppt+口头讲述,T→S_whole,"V, R",[评价]
B25,AV3,0:31:15,0:31:18,检测学习结果/评价行为,T&S,用比例解决实际问题：蜂蜜水的稀释问题,应用,部分完成,ppt+口头讲述,T→S_whole,"V, R",[评价]
B25,AV3,0:31:18,0:31:21,检测学习结果/评价行为,T&S,用比例解决实际问题：蜂蜜水的稀释问题,应用,部分完成,ppt+口头讲述,T→S_whole,"V, R",[评价]
B25,AV3,0:31:21,0:31:24,检测学习结果/评价行为,T&S,用比例解决实际问题：蜂蜜水的稀释问题,应用,部分完成,ppt+口头讲述,T→S_whole,"V, R",[评价]
B25,AV3,0:31:24,0:31:27,检测学习结果/评价行为,T&S,用比例解决实际问题：蜂蜜水的稀释问题,应用,部分完成,ppt+口头讲述,T→S_whole,"V, R",[评价]
B25,AV3,0:31:27,0:31:30,检测学习结果/评价行为,T&S,用比例解决实际问题：蜂蜜水的稀释问题,应用,部分完成,ppt+口头讲述,T→S_whole,"V, R",[评价]
B25,AV3,0:31:30,0:31:33,检测学习结果/评价行为,T&S,用比例解决实际问题：蜂蜜水的稀释问题,应用,部分完成,ppt+口头讲述,T→S_whole,"V, R",[评价]
B25,AV3,0:31:33,0:31:36,检测学习结果/评价行为,T&S,用比例解决实际问题：蜂蜜水的稀释问题,应用,部分完成,ppt+口头讲述,T→S_whole,"V, R",[评价]
B25,AV3,0:31:36,0:31:39,检测学习结果/评价行为,T&S,用比例解决实际问题：蜂蜜水的稀释问题,应用,部分完成,ppt+口头讲述,T→S_whole,"V, R",[评价]
B25,AV3,0:31:39,0:31:42,检测学习结果/评价行为,T&S,用比例解决实际问题：蜂蜜水的稀释问题,应用,部分完成,ppt+口头讲述,T→S_whole,"V, R",[评价]
B25,AV3,0:31:42,0:31:45,检测学习结果/评价行为,T&S,用比例解决实际问题：蜂蜜水的稀释问题,应用,部分完成,ppt+口头讲述,T→S_whole,"V, R",[评价]
B25,AV3,0:31:45,0:31:48,检测学习结果/评价行为,T&S,用比例解决实际问题：蜂蜜水的稀释问题,应用,部分完成,ppt+口头讲述,T→S_whole,"V, R",[评价]
B25,AV3,0:31:48,0:31:51,检测学习结果/评价行为,T&S,用比例解决实际问题：蜂蜜水的稀释问题,应用,部分完成,ppt+口头讲述,T→S_whole,"V, R",[评价]
B25,AV3,0:31:51,0:31:54,检测学习结果/评价行为,T&S,用比例解决实际问题：蜂蜜水的稀释问题,应用,部分完成,ppt+口头讲述,T→S_whole,"V, R",[评价]
B25,AV3,0:31:54,0:31:57,检测学习结果/评价行为,T&S,用比例解决实际问题：蜂蜜水的稀释问题,应用,部分完成,ppt+口头讲述,T→S_whole,"V, R",[评价]
B25,AV3,0:31:57,0:32:00,检测学习结果/评价行为,T&S,用比例解决实际问题：蜂蜜水的稀释问题,应用,部分完成,ppt+口头讲述,T→S_whole,"V, R",[评价]
B25,AV3,0:32:00,0:32:03,检测学习结果/评价行为,T&S,用比例解决实际问题：蜂蜜水的稀释问题,应用,部分完成,ppt+口头讲述,T→S_whole,"V, R",[评价]
B25,AV3,0:32:03,0:32:06,检测学习结果/评价行为,T&S,用比例解决实际问题：蜂蜜水的稀释问题,应用,部分完成,ppt+口头讲述,T→S_whole,"V, R",[评价]
B25,AV3,0:32:06,0:32:09,检测学习结果/评价行为,T&S,用比例解决实际问题：蜂蜜水的稀释问题,应用,部分完成,ppt+口头讲述,T→S_whole,"V, R",[评价]
B25,AV3,0:32:09,0:32:12,检测学习结果/评价行为,T&S,用比例解决实际问题：蜂蜜水的稀释问题,应用,部分完成,ppt+口头讲述,T→S_whole,"V, R",[评价]
B25,AV3,0:32:12,0:32:15,检测学习结果/评价行为,T&S,用比例解决实际问题：蜂蜜水的稀释问题,应用,部分完成,ppt+口头讲述,T→S_whole,"V, R",[评价]
B25,AV3,0:32:15,0:32:18,检测学习结果/评价行为,T&S,用比例解决实际问题：蜂蜜水的稀释问题,应用,部分完成,ppt+口头讲述,T→S_whole,"V, R",[评价]
B25,AV3,0:32:18,0:32:21,检测学习结果/评价行为,T&S,用比例解决实际问题：蜂蜜水的稀释问题,应用,部分完成,ppt+口头讲述,T→S_whole,"V, R",[评价]
B25,AV3,0:32:21,0:32:24,检测学习结果/评价行为,T&S,用比例解决实际问题：蜂蜜水的稀释问题,应用,部分完成,ppt+口头讲述,T→S_whole,"V, R",[评价]
B25,AV3,0:32:24,0:32:27,检测学习结果/评价行为,T&S,用比例解决实际问题：蜂蜜水的稀释问题,应用,部分完成,ppt+口头讲述,T→S_whole,"V, R",[评价]
B25,AV3,0:32:27,0:32:30,检测学习结果/评价行为,T&S,用比例解决实际问题：蜂蜜水的稀释问题,应用,部分完成,ppt+口头讲述,T→S_whole,"V, R",[评价]
B25,AV3,0:32:30,0:32:33,检测学习结果/评价行为,T&S,用比例解决实际问题：蜂蜜水的稀释问题,应用,部分完成,ppt+口头讲述,T→S_whole,"V, R",[评价]
B25,AV3,0:32:33,0:32:36,检测学习结果/评价行为,T&S,用比例解决实际问题：蜂蜜水的稀释问题,应用,部分完成,ppt+口头讲述,T→S_whole,"V, R",[评价]
B25,AV3,0:32:36,0:32:39,检测学习结果/评价行为,T&S,用比例解决实际问题：蜂蜜水的稀释问题,应用,部分完成,ppt+口头讲述,T→S_whole,"V, R",[评价]
B25,AV3,0:32:39,0:32:42,检测学习结果/评价行为,T&S,用比例解决实际问题：蜂蜜水的稀释问题,应用,部分完成,ppt+口头讲述,T→S_whole,"V, R",[评价]
B25,AV3,0:32:42,0:32:45,检测学习结果/评价行为,T&S,用比例解决实际问题：蜂蜜水的稀释问题,应用,部分完成,ppt+口头讲述,T→S_whole,"V, R",[评价]
B25,AV3,0:32:45,0:32:48,检测学习结果/评价行为,T&S,用比例解决实际问题：蜂蜜水的稀释问题,应用,部分完成,ppt+口头讲述,T→S_whole,"V, R",[评价]
B25,AV3,0:32:48,0:32:51,检测学习结果/评价行为,T&S,用比例解决实际问题：蜂蜜水的稀释问题,应用,部分完成,ppt+口头讲述,T→S_whole,"V, R",[评价]
B25,AV3,0:32:51,0:32:54,检测学习结果/评价行为,T&S,用比例解决实际问题：蜂蜜水的稀释问题,应用,部分完成,ppt+口头讲述,T→S_whole,"V, R",[评价]
B25,AV3,0:32:54,0:32:57,检测学习结果/评价行为,T&S,用比例解决实际问题：蜂蜜水的稀释问题,应用,部分完成,ppt+口头讲述,T→S_whole,"V, R",[评价]
B25,AV3,0:32:57,0:33:00,检测学习结果/评价行为,T&S,用比例解决实际问题：蜂蜜水的稀释问题,应用,部分完成,ppt+口头讲述,T→S_whole,"V, R",[评价]
B25,AV3,0:33:00,0:33:03,检测学习结果/评价行为,T&S,用比例解决实际问题：蜂蜜水的稀释问题,应用,部分完成,ppt+口头讲述,T→S_whole,"V, R",[评价]
B25,AV3,0:33:03,0:33:06,检测学习结果/评价行为,T&S,用比例解决实际问题：蜂蜜水的稀释问题,应用,部分完成,ppt+口头讲述,T→S_whole,"V, R",[评价]
B25,AV3,0:33:06,0:33:09,检测学习结果/评价行为,T&S,用比例解决实际问题：蜂蜜水的稀释问题,应用,部分完成,ppt+口头讲述,T→S_whole,"V, R",[评价]
B25,AV3,0:33:09,0:33:12,检测学习结果/评价行为,T&S,用比例解决实际问题：蜂蜜水的稀释问题,应用,部分完成,ppt+口头讲述,T→S_whole,"V, R",[评价]
B25,AV3,0:33:12,0:33:15,检测学习结果/评价行为,T&S,用比例解决实际问题：蜂蜜水的稀释问题,应用,部分完成,ppt+口头讲述,T→S_whole,"V, R",[评价]
B25,AV3,0:33:15,0:33:18,检测学习结果/评价行为,T&S,用比例解决实际问题：蜂蜜水的稀释问题,应用,部分完成,ppt+口头讲述,T→S_whole,"V, R",[评价]
B25,AV3,0:33:18,0:33:21,检测学习结果/评价行为,T&S,用比例解决实际问题：蜂蜜水的稀释问题,应用,部分完成,ppt+口头讲述,T→S_whole,"V, R",[评价]
B25,AV3,0:33:21,0:33:24,检测学习结果/评价行为,T&S,用比例解决实际问题：蜂蜜水的稀释问题,应用,部分完成,ppt+口头讲述,T→S_whole,"V, R",[评价]
B25,AV3,0:33:24,0:33:26,检测学习结果/评价行为,T&S,用比例解决实际问题：蜂蜜水的稀释问题,应用,完成,ppt+口头讲述,T→S_whole,"V, R",[评价]
B26,AV4,0:33:26,0:33:29,促进保持和迁移,T&S,询问学生这节课的收获,理解,部分完成,ppt+口头讲述,T→S_whole,"V, R",[总结迁移]
B26,AV4,0:33:29,0:33:32,促进保持和迁移,T&S,询问学生这节课的收获,理解,部分完成,ppt+口头讲述,T→S_whole,"V, R",[总结迁移]
B26,AV4,0:33:32,0:33:35,促进保持和迁移,T&S,询问学生这节课的收获,理解,部分完成,ppt+口头讲述,T→S_whole,"V, R",[总结迁移]
B26,AV4,0:33:35,0:33:38,促进保持和迁移,T&S,询问学生这节课的收获,理解,部分完成,ppt+口头讲述,T→S_whole,"V, R",[总结迁移]
B26,AV4,0:33:38,0:33:41,促进保持和迁移,T&S,询问学生这节课的收获,理解,部分完成,ppt+口头讲述,T→S_whole,"V, R",[总结迁移]
B26,AV4,0:33:41,0:33:44,促进保持和迁移,T&S,询问学生这节课的收获,理解,部分完成,ppt+口头讲述,T→S_whole,"V, R",[总结迁移]
B26,AV4,0:33:44,0:33:47,促进保持和迁移,T&S,询问学生这节课的收获,理解,部分完成,ppt+口头讲述,T→S_whole,"V, R",[总结迁移]
B26,AV4,0:33:47,0:33:50,促进保持和迁移,T&S,询问学生这节课的收获,理解,部分完成,ppt+口头讲述,T→S_whole,"V, R",[总结迁移]
B26,AV4,0:33:50,0:33:53,促进保持和迁移,T&S,询问学生这节课的收获,理解,部分完成,ppt+口头讲述,T→S_whole,"V, R",[总结迁移]
B26,AV4,0:33:53,0:33:56,促进保持和迁移,T&S,询问学生这节课的收获,理解,部分完成,ppt+口头讲述,T→S_whole,"V, R",[总结迁移]
B26,AV4,0:33:56,0:33:59,促进保持和迁移,T&S,询问学生这节课的收获,理解,部分完成,ppt+口头讲述,T→S_whole,"V, R",[总结迁移]
B26,AV4,0:33:59,0:34:02,促进保持和迁移,T&S,询问学生这节课的收获,理解,部分完成,ppt+口头讲述,T→S_whole,"V, R",[总结迁移]
B26,AV4,0:34:02,0:34:05,促进保持和迁移,T&S,询问学生这节课的收获,理解,部分完成,ppt+口头讲述,T→S_whole,"V, R",[总结迁移]
B26,AV4,0:34:05,0:34:08,促进保持和迁移,T&S,询问学生这节课的收获,理解,部分完成,ppt+口头讲述,T→S_whole,"V, R",[总结迁移]
B26,AV4,0:34:08,0:34:11,促进保持和迁移,T&S,询问学生这节课的收获,理解,部分完成,ppt+口头讲述,T→S_whole,"V, R",[总结迁移]
B26,AV4,0:34:11,0:34:14,促进保持和迁移,T&S,询问学生这节课的收获,理解,部分完成,ppt+口头讲述,T→S_whole,"V, R",[总结迁移]
B26,AV4,0:34:14,0:34:17,促进保持和迁移,T&S,询问学生这节课的收获,理解,部分完成,ppt+口头讲述,T→S_whole,"V, R",[总结迁移]
B26,AV4,0:34:17,0:34:20,促进保持和迁移,T&S,询问学生这节课的收获,理解,部分完成,ppt+口头讲述,T→S_whole,"V, R",[总结迁移]
B26,AV4,0:34:20,0:34:23,促进保持和迁移,T&S,询问学生这节课的收获,理解,部分完成,ppt+口头讲述,T→S_whole,"V, R",[总结迁移]
B26,AV4,0:34:23,0:34:26,促进保持和迁移,T&S,询问学生这节课的收获,理解,部分完成,ppt+口头讲述,T→S_whole,"V, R",[总结迁移]
B26,AV4,0:34:26,0:34:29,促进保持和迁移,T&S,询问学生这节课的收获,理解,部分完成,ppt+口头讲述,T→S_whole,"V, R",[总结迁移]
B26,AV4,0:34:29,0:34:32,促进保持和迁移,T&S,询问学生这节课的收获,理解,部分完成,ppt+口头讲述,T→S_whole,"V, R",[总结迁移]
B26,AV4,0:34:32,0:34:35,促进保持和迁移,T&S,询问学生这节课的收获,理解,部分完成,ppt+口头讲述,T→S_whole,"V, R",[总结迁移]
B26,AV4,0:34:35,0:34:38,促进保持和迁移,T&S,询问学生这节课的收获,理解,部分完成,ppt+口头讲述,T→S_whole,"V, R",[总结迁移]
B26,AV4,0:34:38,0:34:41,促进保持和迁移,T&S,询问学生这节课的收获,理解,部分完成,ppt+口头讲述,T→S_whole,"V, R",[总结迁移]
B26,AV4,0:34:41,0:34:44,促进保持和迁移,T&S,询问学生这节课的收获,理解,部分完成,ppt+口头讲述,T→S_whole,"V, R",[总结迁移]
B26,AV4,0:34:44,0:34:47,促进保持和迁移,T&S,询问学生这节课的收获,理解,部分完成,ppt+口头讲述,T→S_whole,"V, R",[总结迁移]
B26,AV4,0:34:47,0:34:50,促进保持和迁移,T&S,询问学生这节课的收获,理解,部分完成,ppt+口头讲述,T→S_whole,"V, R",[总结迁移]
B26,AV4,0:34:50,0:34:53,促进保持和迁移,T&S,询问学生这节课的收获,理解,完成,ppt+口头讲述,T→S_whole,"V, R",[总结迁移]
B27,AV4,0:34:53,0:34:56,促进保持和迁移,T&S,布置思考题,创新,部分完成,ppt+口头讲述,T→S_whole,"V, R",[总结迁移]
B27,AV4,0:34:56,0:34:59,促进保持和迁移,T&S,布置思考题,创新,部分完成,ppt+口头讲述,T→S_whole,"V, R",[总结迁移]
B27,AV4,0:34:59,0:35:02,促进保持和迁移,T&S,布置思考题,创新,部分完成,ppt+口头讲述,T→S_whole,"V, R",[总结迁移]
B27,AV4,0:35:02,0:35:05,促进保持和迁移,T&S,布置思考题,创新,部分完成,ppt+口头讲述,T→S_whole,"V, R",[总结迁移]
B27,AV4,0:35:05,0:35:08,促进保持和迁移,T&S,布置思考题,创新,部分完成,ppt+口头讲述,T→S_whole,"V, R",[总结迁移]
B27,AV4,0:35:08,0:35:11,促进保持和迁移,T&S,布置思考题,创新,部分完成,ppt+口头讲述,T→S_whole,"V, R",[总结迁移]
B27,AV4,0:35:11,0:35:14,促进保持和迁移,T&S,布置思考题,创新,部分完成,ppt+口头讲述,T→S_whole,"V, R",[总结迁移]
B27,AV4,0:35:14,0:35:17,促进保持和迁移,T&S,布置思考题,创新,部分完成,ppt+口头讲述,T→S_whole,"V, R",[总结迁移]
B27,AV4,0:35:17,0:35:20,促进保持和迁移,T&S,布置思考题,创新,部分完成,ppt+口头讲述,T→S_whole,"V, R",[总结迁移]
B27,AV4,0:35:20,0:35:23,促进保持和迁移,T&S,布置思考题,创新,部分完成,ppt+口头讲述,T→S_whole,"V, R",[总结迁移]
B27,AV4,0:35:23,0:35:26,促进保持和迁移,T&S,布置思考题,创新,部分完成,ppt+口头讲述,T→S_whole,"V, R",[总结迁移]
B27,AV4,0:35:26,0:35:29,促进保持和迁移,T&S,布置思考题,创新,部分完成,ppt+口头讲述,T→S_whole,"V, R",[总结迁移]
B27,AV4,0:35:29,0:35:31,促进保持和迁移,T&S,布置思考题,创新,完成,ppt+口头讲述,T→S_whole,"V, R",[总结迁移]
